MSA,31-0000,25-0000,51-0000,11-0000,21-0000,19-0000,49-0000,29-0000,45-0000,53-0000,15-0000,41-0000,17-0000,33-0000,39-0000,23-0000,37-0000,27-0000,43-0000,47-0000,35-0000,13-0000
34900,1860.0,3810.0,4210.0,4110.0,1030.0,660.0,2090.0,4180.0,2770.0,3920.0,510.0,8110.0,490.0,1160.0,2040.0,330.0,4250.0,460.0,9100.0,3510.0,9320.0,2850.0
22500,3540.0,4690.0,6910.0,3420.0,1550.0,380.0,4370.0,7760.0,150.0,7030.0,1100.0,9180.0,1370.0,1750.0,2000.0,430.0,2610.0,360.0,12140.0,2740.0,7360.0,2740.0
5400001,2830.0,5710.0,3450.0,2610.0,1280.0,460.0,4120.0,5910.0,450.0,5410.0,380.0,8370.0,770.0,1790.0,3280.0,290.0,2820.0,370.0,11540.0,4950.0,7250.0,1410.0
18880,2010.0,5410.0,2630.0,3280.0,1000.0,450.0,6040.0,5190.0,40.0,4650.0,3070.0,14970.0,3510.0,2380.0,2690.0,490.0,3990.0,1170.0,15190.0,4710.0,16480.0,6610.0
11540,2630.0,6400.0,16480.0,5570.0,2310.0,490.0,5130.0,5370.0,160.0,8820.0,2680.0,14970.0,2540.0,1700.0,3290.0,410.0,3070.0,1340.0,16970.0,6130.0,10420.0,5920.0
2200002,3130.0,6080.0,4370.0,3270.0,1170.0,300.0,4310.0,5680.0,1110.0,5460.0,1330.0,7710.0,680.0,3290.0,3150.0,290.0,3310.0,310.0,11240.0,2790.0,7040.0,2470.0
5400002,5110.0,7770.0,10400.0,5510.0,2400.0,970.0,8720.0,10950.0,580.0,13850.0,1540.0,14100.0,1940.0,2730.0,4350.0,770.0,4090.0,1000.0,21440.0,10640.0,12810.0,3590.0
49420,2440.0,7220.0,7400.0,2790.0,1660.0,600.0,3860.0,4560.0,5230.0,7520.0,750.0,8310.0,530.0,1700.0,2980.0,470.0,2560.0,630.0,11360.0,3150.0,7160.0,2210.0
22660,3650.0,10420.0,6990.0,5690.0,1910.0,2880.0,5940.0,9120.0,300.0,6520.0,5050.0,17700.0,4350.0,2720.0,4670.0,550.0,4980.0,2060.0,21370.0,7880.0,17160.0,7930.0
11260,4710.0,9280.0,3590.0,9820.0,3990.0,2590.0,7880.0,10010.0,100.0,13220.0,3370.0,16320.0,5070.0,3990.0,8400.0,1500.0,5710.0,2110.0,29310.0,8960.0,17060.0,9190.0
10580,13550.0,35020.0,17270.0,23040.0,9910.0,6710.0,16080.0,28410.0,230.0,23090.0,15510.0,39430.0,10790.0,9490.0,13990.0,5360.0,15270.0,5350.0,75920.0,16570.0,35530.0,26030.0
13020,1860.0,1770.0,2780.0,1300.0,670.0,160.0,1800.0,2520.0,60.0,2090.0,**,4140.0,300.0,500.0,900.0,150.0,930.0,310.0,4870.0,920.0,4310.0,1060.0
28100,1990.0,2870.0,3520.0,2310.0,910.0,260.0,2090.0,3990.0,170.0,3260.0,360.0,4110.0,350.0,1250.0,770.0,110.0,920.0,370.0,5810.0,1030.0,3670.0,1100.0
33740,3300.0,4650.0,4220.0,2880.0,1350.0,160.0,3810.0,5880.0,230.0,6310.0,1000.0,8600.0,1020.0,1380.0,3510.0,570.0,2610.0,520.0,11910.0,2680.0,7230.0,2980.0
36100,3140.0,**,6250.0,2230.0,1010.0,230.0,4040.0,7140.0,610.0,6140.0,640.0,13340.0,1200.0,3020.0,2940.0,570.0,3580.0,530.0,16700.0,4760.0,10350.0,3030.0
78254,1420.0,3950.0,3360.0,3470.0,1940.0,350.0,2010.0,2310.0,90.0,6190.0,780.0,6250.0,1220.0,1450.0,1940.0,250.0,1680.0,420.0,9210.0,2610.0,5180.0,2040.0
11180,1030.0,3970.0,2520.0,2790.0,460.0,1520.0,1910.0,2120.0,90.0,1970.0,1440.0,3860.0,910.0,530.0,1410.0,170.0,1520.0,670.0,5410.0,1980.0,4670.0,2750.0
48060,1400.0,3750.0,1390.0,1660.0,960.0,260.0,2120.0,2960.0,**,2320.0,530.0,5340.0,440.0,1350.0,910.0,220.0,1500.0,350.0,6140.0,1740.0,4370.0,1450.0
12060,54340.0,145470.0,140310.0,166550.0,24950.0,12760.0,98050.0,128200.0,1800.0,215540.0,114580.0,286430.0,41020.0,56580.0,56090.0,22310.0,63900.0,36470.0,401220.0,81540.0,238240.0,167020.0
19780,7500.0,20790.0,18160.0,24360.0,4750.0,2500.0,13270.0,18540.0,350.0,23820.0,13090.0,37730.0,3340.0,5730.0,11150.0,2860.0,10630.0,5350.0,59220.0,14860.0,29800.0,25760.0
23844,7520.0,15270.0,23320.0,11080.0,3060.0,1230.0,15780.0,18700.0,130.0,20000.0,2510.0,28330.0,3850.0,6720.0,9120.0,1470.0,8940.0,2160.0,36640.0,13640.0,29260.0,7460.0
37620,1590.0,1630.0,1790.0,1360.0,510.0,170.0,2120.0,2690.0,,2350.0,560.0,4700.0,450.0,700.0,1210.0,210.0,960.0,320.0,6310.0,2210.0,4350.0,2260.0
19300,1780.0,3810.0,3360.0,1880.0,530.0,170.0,2940.0,3910.0,110.0,4350.0,380.0,12600.0,460.0,1490.0,2650.0,330.0,3620.0,430.0,10000.0,2710.0,10750.0,1580.0
36260,6230.0,14940.0,21910.0,12240.0,2710.0,1300.0,11340.0,10320.0,**,15720.0,5370.0,22620.0,6600.0,3860.0,7960.0,910.0,7750.0,2520.0,39130.0,14720.0,19680.0,15110.0
32780,2940.0,5010.0,5290.0,4010.0,1670.0,660.0,2960.0,5310.0,760.0,6270.0,1120.0,9240.0,610.0,1180.0,3250.0,370.0,2920.0,1280.0,12780.0,3270.0,8800.0,2460.0
37964,36760.0,68320.0,27540.0,39100.0,24560.0,8570.0,25290.0,71270.0,180.0,49060.0,25010.0,73710.0,12740.0,30870.0,41450.0,15630.0,25820.0,11700.0,148620.0,21230.0,77570.0,55550.0
41700,27030.0,61930.0,41070.0,35240.0,11660.0,4890.0,39050.0,61250.0,850.0,56200.0,28580.0,107440.0,12920.0,24830.0,41710.0,7000.0,28460.0,11640.0,175090.0,39440.0,106970.0,54330.0
47894,46000.0,155330.0,39920.0,193260.0,32030.0,47670.0,74340.0,105760.0,1850.0,108190.0,189120.0,209650.0,49000.0,77480.0,71320.0,62290.0,84570.0,63270.0,323710.0,91120.0,208910.0,255890.0
21660,4950.0,9640.0,9390.0,7370.0,3010.0,1910.0,5420.0,8110.0,1090.0,10090.0,2650.0,17180.0,1520.0,2240.0,6810.0,920.0,4560.0,1830.0,22380.0,5150.0,14490.0,5020.0
12980,1960.0,3420.0,8550.0,2440.0,1220.0,**,2470.0,3780.0,,2970.0,860.0,4160.0,1040.0,960.0,1990.0,170.0,1530.0,580.0,6490.0,1190.0,5040.0,3050.0
16700,8640.0,18150.0,19440.0,14860.0,3700.0,1660.0,14660.0,23040.0,480.0,20420.0,9990.0,36660.0,7060.0,8060.0,8570.0,2820.0,12320.0,3510.0,49290.0,14410.0,35410.0,14570.0
21060,1590.0,2890.0,6180.0,2210.0,870.0,210.0,2420.0,2500.0,,3350.0,1550.0,5700.0,480.0,950.0,1760.0,240.0,1330.0,360.0,8520.0,1480.0,5350.0,3240.0
17980,3610.0,7530.0,6730.0,5800.0,1350.0,570.0,4900.0,7410.0,190.0,5520.0,2970.0,12220.0,1280.0,3240.0,2890.0,530.0,3510.0,1020.0,19180.0,3760.0,12060.0,5910.0
47940,2320.0,5740.0,11510.0,4510.0,1250.0,300.0,3620.0,5020.0,200.0,7050.0,1210.0,9040.0,1430.0,1230.0,2630.0,440.0,2730.0,960.0,13330.0,3030.0,7750.0,3120.0
17860,2500.0,6950.0,3340.0,4130.0,1900.0,950.0,3670.0,8320.0,130.0,4340.0,2920.0,9660.0,1020.0,940.0,3020.0,460.0,2780.0,1720.0,14710.0,3260.0,10460.0,4490.0
78100,10060.0,25820.0,20870.0,20160.0,11150.0,3290.0,10920.0,22650.0,70.0,22610.0,5470.0,27190.0,4120.0,8610.0,14520.0,1360.0,9380.0,3250.0,46600.0,9710.0,27780.0,13040.0
0500001,4310.0,8300.0,14460.0,5450.0,1430.0,370.0,5380.0,8700.0,450.0,10330.0,640.0,11760.0,640.0,1920.0,3120.0,380.0,3550.0,630.0,16660.0,4320.0,11150.0,2490.0
20740,2710.0,4360.0,7010.0,3530.0,1290.0,280.0,3320.0,5940.0,210.0,6090.0,1370.0,8160.0,1540.0,1570.0,3990.0,310.0,2460.0,820.0,13160.0,2940.0,7230.0,3410.0
46540,5020.0,10300.0,7740.0,4450.0,2560.0,480.0,4520.0,8760.0,80.0,6700.0,2250.0,10440.0,1380.0,3910.0,7120.0,620.0,4230.0,1160.0,18070.0,3560.0,10990.0,5300.0
27900,2120.0,4260.0,8480.0,2710.0,1110.0,200.0,3400.0,5350.0,240.0,8950.0,800.0,8760.0,710.0,1070.0,2270.0,180.0,1890.0,590.0,12080.0,2390.0,7200.0,2230.0
22900,3100.0,5560.0,14580.0,4470.0,1540.0,340.0,4690.0,6390.0,530.0,11030.0,1230.0,11320.0,870.0,2110.0,3540.0,410.0,2800.0,490.0,16900.0,5100.0,9960.0,2940.0
0400001,1980.0,7630.0,3200.0,4480.0,1670.0,1340.0,5800.0,4520.0,860.0,6090.0,980.0,8910.0,930.0,5440.0,2690.0,420.0,3080.0,510.0,13730.0,5150.0,8690.0,3050.0
23540,4500.0,16500.0,2980.0,3610.0,2070.0,1610.0,4170.0,13890.0,170.0,5540.0,3280.0,12670.0,1510.0,2750.0,3190.0,990.0,5470.0,1420.0,17830.0,3770.0,13010.0,6820.0
41900,270.0,1910.0,3400.0,410.0,240.0,110.0,590.0,1410.0,,840.0,80.0,2010.0,150.0,370.0,450.0,,600.0,,2900.0,580.0,1430.0,320.0
76524,5220.0,6190.0,4410.0,6960.0,3290.0,700.0,3010.0,7890.0,,3720.0,1430.0,11310.0,1450.0,1980.0,3860.0,540.0,2790.0,1200.0,13380.0,2690.0,9440.0,3380.0
47220,2490.0,5220.0,5330.0,1650.0,1600.0,240.0,2260.0,4080.0,**,5630.0,**,5150.0,270.0,3050.0,1350.0,260.0,1670.0,220.0,8100.0,2200.0,3920.0,1470.0
42220,4600.0,12450.0,12370.0,11410.0,3230.0,1860.0,7250.0,10920.0,2490.0,11650.0,3020.0,22030.0,2950.0,2830.0,7790.0,750.0,7210.0,2140.0,27650.0,8940.0,21530.0,8570.0
29620,5400.0,18820.0,15040.0,10330.0,3200.0,2790.0,6950.0,11050.0,290.0,13920.0,6800.0,18480.0,3210.0,2830.0,5870.0,1500.0,5420.0,2960.0,34250.0,5720.0,17930.0,13000.0
47380,2810.0,8220.0,10570.0,3490.0,1620.0,660.0,5230.0,5870.0,260.0,6650.0,1830.0,11560.0,1690.0,2700.0,3860.0,560.0,3750.0,1110.0,20420.0,5380.0,10580.0,4200.0
71654,50110.0,114680.0,54350.0,161850.0,34040.0,33690.0,45660.0,124290.0,650.0,82420.0,98150.0,158450.0,44700.0,43780.0,58930.0,22170.0,55560.0,31900.0,258860.0,54370.0,143020.0,131390.0
20524,5070.0,14130.0,4460.0,5630.0,2780.0,580.0,5550.0,9800.0,140.0,6380.0,2550.0,12990.0,4160.0,4950.0,7350.0,730.0,5690.0,1610.0,21260.0,6960.0,12410.0,3880.0
22540,1070.0,2440.0,6470.0,2040.0,550.0,90.0,1900.0,2770.0,50.0,3670.0,620.0,4680.0,1410.0,780.0,1530.0,140.0,1060.0,590.0,6150.0,1990.0,3880.0,1630.0
19180,**,1670.0,2840.0,1410.0,260.0,150.0,1180.0,1390.0,,2340.0,280.0,2700.0,300.0,760.0,380.0,120.0,630.0,160.0,5210.0,590.0,2310.0,940.0
47300,3400.0,12270.0,9170.0,5140.0,3440.0,1120.0,5790.0,7450.0,24680.0,11590.0,1000.0,14250.0,690.0,2300.0,2880.0,410.0,3500.0,630.0,18200.0,3880.0,10940.0,3270.0
10380,490.0,4800.0,4190.0,1390.0,530.0,190.0,1190.0,1990.0,200.0,2010.0,590.0,6410.0,1830.0,770.0,600.0,**,2030.0,190.0,7100.0,1420.0,4180.0,1500.0
40980,3720.0,3790.0,9250.0,3450.0,1190.0,180.0,4000.0,7090.0,,4820.0,950.0,10640.0,1520.0,1330.0,2130.0,270.0,3500.0,510.0,13030.0,2710.0,8430.0,3190.0
1700002,6040.0,11600.0,15590.0,10740.0,2900.0,630.0,7490.0,11570.0,650.0,13080.0,1800.0,17750.0,1760.0,6670.0,3840.0,520.0,5160.0,1330.0,28200.0,5510.0,15700.0,5120.0
1700001,4130.0,9140.0,16020.0,7810.0,2120.0,720.0,6190.0,7780.0,530.0,13120.0,900.0,12140.0,1430.0,3720.0,2270.0,380.0,4390.0,810.0,20420.0,5280.0,11660.0,3740.0
22380,1030.0,4260.0,2620.0,4080.0,1250.0,1430.0,2660.0,3770.0,60.0,2530.0,950.0,5990.0,880.0,1460.0,2350.0,510.0,2400.0,630.0,8690.0,2070.0,9040.0,**
1700004,2550.0,6830.0,8610.0,4770.0,1820.0,470.0,4610.0,6720.0,220.0,7830.0,570.0,8290.0,940.0,3740.0,2190.0,180.0,2980.0,460.0,13390.0,3740.0,7090.0,2570.0
39140,1500.0,3360.0,2510.0,3140.0,1380.0,390.0,2740.0,3980.0,110.0,3650.0,440.0,7070.0,510.0,1910.0,2210.0,250.0,2460.0,730.0,9030.0,2800.0,7570.0,1530.0
42644,32310.0,76860.0,95860.0,92450.0,17430.0,17380.0,52210.0,73170.0,2430.0,103840.0,121370.0,149260.0,51860.0,28470.0,46350.0,12900.0,36780.0,30490.0,218740.0,66750.0,134890.0,126780.0
28660,5000.0,11580.0,5740.0,4360.0,2030.0,590.0,6450.0,12620.0,100.0,8390.0,2160.0,14920.0,1470.0,5020.0,4550.0,570.0,4260.0,1310.0,20900.0,4860.0,13950.0,6150.0
73604,2190.0,5470.0,5590.0,3690.0,1180.0,310.0,2540.0,3330.0,60.0,3080.0,780.0,7270.0,1010.0,1270.0,2230.0,230.0,2060.0,620.0,9210.0,4080.0,6720.0,1970.0
39380,3160.0,3330.0,3070.0,1610.0,1180.0,330.0,2430.0,5210.0,130.0,2720.0,660.0,7270.0,660.0,1930.0,2010.0,230.0,1630.0,360.0,9030.0,2390.0,6000.0,2080.0
28140,25160.0,55110.0,62670.0,55310.0,13030.0,7450.0,40760.0,66300.0,1020.0,68520.0,44310.0,106520.0,18420.0,22630.0,32390.0,8780.0,27520.0,14350.0,178710.0,38580.0,91050.0,64700.0
24260,1370.0,2150.0,5960.0,1320.0,540.0,130.0,2260.0,2270.0,310.0,3790.0,300.0,4820.0,340.0,510.0,690.0,130.0,1430.0,300.0,5940.0,1680.0,3590.0,1470.0
40060,14840.0,35910.0,28890.0,26830.0,11080.0,4800.0,25060.0,40420.0,880.0,42780.0,22770.0,69770.0,8840.0,18590.0,21430.0,6670.0,20280.0,7580.0,105390.0,27060.0,52500.0,46480.0
22180,6190.0,10630.0,6260.0,3980.0,1920.0,760.0,5670.0,9690.0,60.0,8590.0,2350.0,13890.0,1020.0,3580.0,2800.0,460.0,3740.0,980.0,19460.0,3460.0,14300.0,6120.0
20220,1670.0,3280.0,6500.0,3040.0,810.0,120.0,2430.0,3530.0,160.0,4510.0,1060.0,6280.0,740.0,820.0,2110.0,210.0,1510.0,810.0,7730.0,2090.0,5360.0,2820.0
2200003,2620.0,6080.0,4320.0,2660.0,1300.0,250.0,3120.0,4770.0,660.0,5060.0,240.0,7250.0,480.0,2410.0,3500.0,210.0,2370.0,420.0,8860.0,2170.0,5620.0,1410.0
32580,15330.0,25960.0,6450.0,6010.0,2600.0,1010.0,8240.0,16240.0,930.0,18840.0,1810.0,29350.0,990.0,6990.0,24140.0,1240.0,6030.0,1540.0,41630.0,5480.0,23150.0,5740.0
2200001,370.0,860.0,460.0,350.0,110.0,**,260.0,590.0,,750.0,,1050.0,,370.0,400.0,40.0,230.0,,1910.0,500.0,820.0,170.0
48140,1820.0,3130.0,11220.0,2640.0,810.0,280.0,2960.0,4360.0,130.0,6200.0,1570.0,6340.0,1190.0,1110.0,2070.0,330.0,2030.0,590.0,10690.0,2140.0,4830.0,3140.0
2200004,2170.0,4110.0,5380.0,2490.0,900.0,310.0,3440.0,3280.0,**,6210.0,170.0,6370.0,1220.0,1450.0,2740.0,**,1630.0,170.0,8960.0,2840.0,4770.0,1660.0
39740,6620.0,10440.0,21040.0,6160.0,2870.0,700.0,7760.0,9930.0,390.0,16570.0,2350.0,16340.0,3480.0,2610.0,5090.0,890.0,5590.0,1290.0,26120.0,5660.0,13850.0,6160.0
39660,1600.0,3340.0,2560.0,1750.0,1220.0,760.0,2900.0,5090.0,90.0,3510.0,940.0,8210.0,830.0,1290.0,2140.0,340.0,3120.0,950.0,10360.0,4330.0,7430.0,2550.0
43300,1440.0,2940.0,3390.0,1270.0,470.0,80.0,2220.0,4020.0,,2450.0,290.0,4480.0,640.0,680.0,1980.0,270.0,1030.0,350.0,7390.0,1990.0,4980.0,900.0
45060,8170.0,26430.0,16520.0,12590.0,5810.0,3260.0,13350.0,19340.0,210.0,20160.0,6520.0,31030.0,5160.0,5690.0,9460.0,2140.0,11000.0,3270.0,51700.0,11120.0,26490.0,12320.0
72400,2620.0,8830.0,7880.0,5520.0,3340.0,1180.0,5430.0,7640.0,380.0,6310.0,4580.0,13300.0,3630.0,1930.0,3440.0,1130.0,3600.0,2670.0,16350.0,4960.0,10210.0,8290.0
41420,5450.0,10350.0,8570.0,8860.0,4240.0,1390.0,5130.0,9410.0,3210.0,10160.0,3130.0,15830.0,1310.0,3410.0,7310.0,1560.0,4970.0,1420.0,24270.0,7230.0,14380.0,9020.0
25620,2030.0,4520.0,2760.0,3050.0,660.0,130.0,2770.0,5260.0,150.0,4060.0,450.0,6610.0,400.0,1160.0,1460.0,260.0,1580.0,360.0,11230.0,2140.0,6600.0,1610.0
32900,1800.0,8400.0,5190.0,2650.0,1410.0,720.0,2370.0,2830.0,4740.0,5700.0,680.0,5940.0,290.0,1410.0,1250.0,190.0,1940.0,340.0,8610.0,1490.0,5740.0,1870.0
16740,29970.0,56780.0,83860.0,60520.0,11150.0,5330.0,48080.0,60800.0,1660.0,92310.0,43500.0,133910.0,17600.0,27410.0,29500.0,7710.0,30610.0,13710.0,178480.0,44390.0,103640.0,79940.0
18700,1180.0,3190.0,1330.0,1790.0,660.0,1220.0,850.0,2430.0,270.0,1020.0,1510.0,2540.0,870.0,**,1350.0,**,1190.0,460.0,4360.0,830.0,3880.0,1330.0
49740,1330.0,3900.0,1690.0,2570.0,800.0,400.0,2810.0,3100.0,9010.0,2580.0,580.0,6350.0,1230.0,3160.0,1490.0,220.0,1910.0,270.0,8260.0,1940.0,5180.0,1850.0
15260,1110.0,2360.0,1510.0,2210.0,420.0,130.0,1740.0,2340.0,120.0,2720.0,570.0,4260.0,230.0,1270.0,750.0,310.0,2080.0,770.0,5400.0,1350.0,6460.0,1670.0
25060,3390.0,8200.0,11210.0,7520.0,1700.0,1350.0,6940.0,9720.0,110.0,7670.0,2410.0,14540.0,3320.0,5170.0,5160.0,720.0,5630.0,760.0,20960.0,9500.0,18310.0,5340.0
47460,1120.0,2080.0,2420.0,1000.0,430.0,410.0,1010.0,1670.0,210.0,900.0,240.0,2140.0,710.0,1010.0,600.0,120.0,890.0,280.0,3550.0,740.0,2160.0,1220.0
16580,2780.0,12260.0,5230.0,5910.0,1470.0,1060.0,3280.0,6390.0,240.0,5150.0,2280.0,8880.0,1300.0,1850.0,2190.0,,3330.0,970.0,16020.0,2960.0,9950.0,3830.0
12940,10250.0,20800.0,25090.0,18040.0,4780.0,3590.0,19500.0,22910.0,340.0,29710.0,5910.0,38420.0,8800.0,11530.0,13430.0,2650.0,11790.0,4470.0,53650.0,39390.0,34180.0,16740.0
16620,3280.0,4900.0,4300.0,5400.0,1930.0,1350.0,6150.0,10020.0,70.0,6860.0,2490.0,10790.0,1710.0,3640.0,3210.0,1800.0,3500.0,1190.0,21560.0,5680.0,8780.0,5200.0
17820,7190.0,18350.0,8580.0,10970.0,4680.0,1710.0,9430.0,15840.0,450.0,11560.0,14430.0,31790.0,7280.0,6120.0,8930.0,1340.0,9380.0,4340.0,39760.0,11840.0,27950.0,17170.0
29404,8320.0,25530.0,30580.0,33760.0,3940.0,3470.0,13320.0,20620.0,180.0,33420.0,14640.0,42670.0,7190.0,5080.0,12140.0,1640.0,15430.0,4250.0,57840.0,10540.0,32500.0,23590.0
45940,7300.0,17910.0,5030.0,13590.0,5200.0,5320.0,5900.0,11800.0,120.0,12460.0,12540.0,18770.0,3800.0,7660.0,4770.0,2840.0,6740.0,3660.0,39240.0,4580.0,14300.0,22420.0
42540,9590.0,13880.0,21550.0,7950.0,4880.0,1300.0,9930.0,17400.0,130.0,29160.0,4310.0,23550.0,3650.0,5460.0,8360.0,1290.0,8210.0,2140.0,44230.0,8800.0,21860.0,9030.0
41980,7050.0,44520.0,37120.0,31730.0,12800.0,4980.0,22390.0,37680.0,1110.0,32070.0,8650.0,80550.0,9430.0,48430.0,12580.0,4000.0,29490.0,6600.0,130740.0,21620.0,51990.0,36220.0
44420,1360.0,3160.0,4700.0,1460.0,730.0,300.0,2100.0,2980.0,170.0,5590.0,960.0,4740.0,520.0,1120.0,1330.0,160.0,1710.0,570.0,6390.0,2050.0,4260.0,1380.0
27340,1310.0,3790.0,1110.0,1230.0,500.0,270.0,1720.0,2110.0,,2600.0,450.0,6240.0,310.0,1170.0,1190.0,230.0,1720.0,240.0,8000.0,2030.0,7420.0,1520.0
46340,4510.0,6220.0,5180.0,2930.0,1230.0,480.0,3570.0,9840.0,80.0,6770.0,1250.0,10920.0,1380.0,1870.0,4290.0,860.0,3370.0,840.0,16130.0,3940.0,10110.0,3370.0
43420,650.0,2660.0,590.0,1990.0,320.0,400.0,1110.0,1390.0,170.0,1240.0,1760.0,2960.0,630.0,2440.0,1150.0,120.0,910.0,240.0,5370.0,980.0,3160.0,2350.0
38300,34850.0,62820.0,61300.0,46170.0,20570.0,9270.0,44270.0,81940.0,680.0,72530.0,35550.0,114890.0,25790.0,23950.0,43470.0,8610.0,31570.0,11820.0,190570.0,51120.0,103680.0,58340.0
20700,1410.0,4000.0,2810.0,1320.0,620.0,230.0,3230.0,2680.0,**,3650.0,610.0,7400.0,1240.0,1420.0,2590.0,180.0,2420.0,330.0,8490.0,1480.0,6910.0,1440.0
30020,1130.0,3230.0,2850.0,2120.0,560.0,180.0,2070.0,2890.0,50.0,2310.0,830.0,4720.0,530.0,1350.0,1230.0,180.0,1530.0,410.0,6990.0,1660.0,5000.0,1780.0
17460,38280.0,58020.0,89180.0,48850.0,17110.0,8640.0,36620.0,75970.0,430.0,65930.0,28390.0,97590.0,18200.0,27230.0,24830.0,8500.0,30730.0,12460.0,162040.0,30850.0,92410.0,55150.0
44940,1440.0,1970.0,4080.0,1390.0,,230.0,1710.0,2050.0,**,2850.0,430.0,3670.0,380.0,1140.0,880.0,150.0,1460.0,120.0,4920.0,1580.0,3410.0,980.0
45500,1750.0,3480.0,4040.0,1780.0,620.0,230.0,3960.0,3800.0,130.0,5140.0,360.0,6210.0,420.0,1940.0,1970.0,240.0,1560.0,320.0,8310.0,2220.0,5870.0,1540.0
18020,580.0,1930.0,12690.0,2470.0,590.0,80.0,1780.0,2050.0,,3130.0,970.0,3900.0,**,500.0,990.0,90.0,1150.0,330.0,6260.0,1300.0,3600.0,1870.0
19804,23300.0,35180.0,67790.0,34930.0,12170.0,3610.0,28740.0,52380.0,670.0,53750.0,21400.0,64760.0,27790.0,16020.0,21310.0,**,18620.0,9770.0,103450.0,19070.0,60910.0,38060.0
4800003,4210.0,8850.0,8430.0,3530.0,1100.0,420.0,4880.0,6410.0,740.0,7510.0,1040.0,10270.0,940.0,4120.0,3700.0,560.0,3170.0,640.0,17150.0,3790.0,10860.0,2530.0
4800002,7940.0,21930.0,30400.0,8440.0,3180.0,1250.0,14030.0,14350.0,1200.0,22240.0,1910.0,25280.0,3050.0,7360.0,8040.0,1080.0,7510.0,1570.0,41230.0,13710.0,23980.0,6670.0
4800001,5330.0,16610.0,14610.0,6930.0,1800.0,1910.0,11600.0,9180.0,3010.0,17670.0,1230.0,17050.0,2940.0,6600.0,2660.0,920.0,6140.0,830.0,29950.0,16610.0,16010.0,4850.0
4800006,6960.0,13660.0,10430.0,5520.0,1350.0,1120.0,7210.0,7250.0,760.0,9470.0,890.0,12560.0,2720.0,6580.0,6140.0,600.0,4450.0,700.0,20760.0,11580.0,12880.0,3570.0
4800005,1500.0,5140.0,2370.0,1970.0,640.0,260.0,2600.0,2870.0,550.0,4360.0,320.0,5800.0,440.0,3550.0,3720.0,340.0,1930.0,630.0,8890.0,2760.0,5290.0,1700.0
4800004,7010.0,14450.0,15410.0,6280.0,2420.0,1320.0,8600.0,11070.0,1210.0,11790.0,1420.0,19130.0,1660.0,9340.0,6070.0,1000.0,5720.0,1430.0,29840.0,13640.0,19390.0,5110.0
0600005,1620.0,5700.0,2070.0,3320.0,1350.0,2260.0,2560.0,3250.0,700.0,3220.0,600.0,5370.0,570.0,3150.0,2360.0,170.0,2690.0,550.0,9600.0,3610.0,6370.0,2140.0
0600004,580.0,3260.0,2930.0,1220.0,640.0,370.0,1390.0,960.0,1940.0,3000.0,110.0,2620.0,170.0,670.0,800.0,60.0,860.0,60.0,3900.0,890.0,2310.0,650.0
0600001,1060.0,2830.0,1320.0,1880.0,840.0,830.0,1510.0,2400.0,360.0,1720.0,250.0,3920.0,250.0,2720.0,1730.0,140.0,1900.0,290.0,6180.0,1950.0,4780.0,1170.0
0600003,2320.0,9180.0,4070.0,4960.0,2480.0,1450.0,4500.0,5490.0,2000.0,5330.0,730.0,11220.0,800.0,3480.0,3080.0,490.0,4070.0,580.0,14590.0,3110.0,10680.0,2610.0
0600002,170.0,830.0,340.0,750.0,140.0,430.0,660.0,610.0,40.0,280.0,100.0,1130.0,110.0,480.0,350.0,60.0,1090.0,100.0,1930.0,650.0,2500.0,330.0
2900002,3970.0,9350.0,12760.0,4440.0,1800.0,430.0,5470.0,6960.0,370.0,8120.0,860.0,11460.0,870.0,2980.0,3110.0,320.0,3270.0,850.0,16840.0,3750.0,9440.0,2800.0
2900003,7050.0,11820.0,18090.0,5240.0,2810.0,680.0,8030.0,10450.0,860.0,13870.0,1120.0,16090.0,980.0,3900.0,8910.0,420.0,4350.0,1120.0,22800.0,6090.0,13680.0,3330.0
2900001,4710.0,11710.0,16630.0,5720.0,2660.0,1010.0,7490.0,9450.0,690.0,11650.0,1170.0,16830.0,1500.0,3070.0,5890.0,380.0,5300.0,1460.0,22320.0,5880.0,17240.0,4160.0
2900004,1870.0,4210.0,5700.0,2610.0,900.0,220.0,3210.0,3460.0,480.0,4360.0,1370.0,10270.0,450.0,1620.0,2820.0,180.0,3290.0,1220.0,10490.0,2560.0,9740.0,1600.0
3500003,870.0,2240.0,980.0,1250.0,420.0,670.0,1470.0,1440.0,430.0,1440.0,230.0,2350.0,290.0,1060.0,1500.0,100.0,1030.0,130.0,3770.0,1760.0,2510.0,810.0
3500002,2920.0,9040.0,4860.0,5950.0,1720.0,1070.0,6960.0,5630.0,330.0,9760.0,970.0,13090.0,1610.0,3930.0,4880.0,520.0,4860.0,680.0,19310.0,14410.0,13480.0,3680.0
3500001,2130.0,5700.0,1600.0,2640.0,2030.0,730.0,2330.0,4220.0,140.0,2840.0,380.0,6130.0,460.0,2420.0,5290.0,250.0,2760.0,280.0,9560.0,2590.0,7420.0,1850.0
2100001,4020.0,8950.0,15610.0,5800.0,2010.0,680.0,8660.0,10100.0,420.0,16530.0,1060.0,15000.0,1820.0,2670.0,4380.0,560.0,4850.0,1010.0,21010.0,9670.0,14900.0,3280.0
2100004,3750.0,9010.0,3980.0,3880.0,3160.0,490.0,4830.0,10730.0,120.0,7150.0,480.0,11060.0,810.0,3260.0,2900.0,730.0,2790.0,560.0,15510.0,5380.0,9520.0,2200.0
3500004,120.0,680.0,450.0,930.0,70.0,2590.0,500.0,490.0,,170.0,1340.0,280.0,2480.0,,150.0,**,190.0,130.0,1630.0,530.0,430.0,1320.0
47260,20920.0,45410.0,35160.0,26280.0,11760.0,5540.0,33280.0,43160.0,1010.0,47990.0,22180.0,84820.0,21580.0,18860.0,25100.0,4350.0,23400.0,8230.0,109750.0,36120.0,73270.0,40140.0
24780,4290.0,6500.0,3920.0,2510.0,1180.0,910.0,2430.0,8130.0,70.0,3200.0,1030.0,7890.0,560.0,1100.0,1830.0,290.0,2240.0,760.0,11580.0,2410.0,8970.0,2170.0
31460,930.0,3140.0,3980.0,1380.0,750.0,390.0,1610.0,3250.0,5730.0,2480.0,320.0,2850.0,180.0,1710.0,1180.0,70.0,1550.0,200.0,5390.0,1410.0,2830.0,860.0
31340,3360.0,5940.0,9680.0,3360.0,2090.0,520.0,4520.0,6480.0,290.0,6150.0,1970.0,10810.0,2230.0,1740.0,3660.0,380.0,2920.0,880.0,14760.0,4040.0,9160.0,3760.0
24300,2020.0,3290.0,2270.0,1970.0,1290.0,540.0,2910.0,4690.0,40.0,3590.0,580.0,7390.0,620.0,1310.0,1660.0,390.0,1660.0,700.0,9280.0,3740.0,6320.0,2450.0
49180,11090.0,17890.0,27740.0,9690.0,2610.0,1460.0,9860.0,20770.0,**,22110.0,4740.0,24800.0,2550.0,4600.0,6590.0,2090.0,7980.0,1870.0,38700.0,7520.0,22900.0,11200.0
38540,940.0,3040.0,1220.0,1890.0,890.0,330.0,1250.0,2050.0,40.0,1390.0,410.0,3410.0,520.0,590.0,1310.0,200.0,1300.0,370.0,5710.0,1230.0,3130.0,1490.0
26900,25210.0,42100.0,66390.0,56710.0,11550.0,10230.0,40320.0,70170.0,740.0,102460.0,31540.0,103640.0,14120.0,23290.0,25090.0,7080.0,29070.0,13370.0,152400.0,37970.0,93760.0,57580.0
35380,12330.0,30130.0,26720.0,25320.0,6530.0,3400.0,25030.0,39040.0,600.0,44940.0,7550.0,64120.0,9610.0,18900.0,17580.0,5530.0,16120.0,7300.0,82420.0,25450.0,66520.0,22970.0
1500001,3340.0,5740.0,2590.0,4640.0,1830.0,1170.0,3780.0,4300.0,480.0,6200.0,750.0,9500.0,800.0,3370.0,3840.0,360.0,7370.0,880.0,14370.0,5240.0,13960.0,2370.0
26620,5080.0,9450.0,17050.0,9440.0,1390.0,1620.0,8570.0,12390.0,100.0,11850.0,13450.0,22750.0,18130.0,3990.0,4910.0,790.0,7140.0,2400.0,29320.0,5840.0,17030.0,15560.0
3600002,1150.0,2880.0,1540.0,1430.0,980.0,100.0,1330.0,1820.0,70.0,2260.0,240.0,3540.0,200.0,1950.0,1490.0,200.0,1370.0,300.0,5490.0,1860.0,3220.0,890.0
3600003,4050.0,12610.0,9880.0,5190.0,3730.0,1080.0,5450.0,7830.0,150.0,6760.0,1470.0,10880.0,1350.0,4390.0,6310.0,630.0,4690.0,1300.0,18640.0,4350.0,11050.0,3440.0
3600001,5480.0,12450.0,9760.0,5310.0,3550.0,870.0,6560.0,9650.0,230.0,10060.0,1070.0,13440.0,710.0,6950.0,7160.0,640.0,5780.0,1130.0,20720.0,5830.0,12980.0,3630.0
28940,10090.0,19340.0,27160.0,21710.0,4380.0,3030.0,17290.0,26540.0,**,30470.0,7390.0,40170.0,8110.0,8420.0,10350.0,1990.0,14000.0,3660.0,63690.0,13220.0,35600.0,15080.0
3600004,4660.0,16380.0,17720.0,7720.0,4010.0,870.0,7050.0,9610.0,480.0,11620.0,1860.0,17680.0,4140.0,6290.0,7290.0,920.0,6990.0,1580.0,26750.0,6590.0,18160.0,4930.0
4000003,1870.0,4580.0,4120.0,3190.0,940.0,380.0,3440.0,4100.0,370.0,4160.0,540.0,6860.0,1110.0,1980.0,1120.0,270.0,2000.0,310.0,9670.0,4630.0,5710.0,1980.0
4000002,3320.0,10220.0,7840.0,6470.0,1890.0,1600.0,6410.0,5820.0,500.0,8870.0,1400.0,11820.0,1900.0,2710.0,2460.0,530.0,4150.0,1030.0,17970.0,9300.0,12120.0,3640.0
4000001,4230.0,8080.0,8980.0,5650.0,2490.0,800.0,4770.0,7650.0,170.0,6920.0,1710.0,10830.0,1480.0,3300.0,4400.0,580.0,3760.0,990.0,18270.0,4590.0,11730.0,4710.0
49620,5040.0,9660.0,20580.0,6230.0,2340.0,810.0,8190.0,10870.0,190.0,21230.0,2310.0,17800.0,4210.0,2480.0,5000.0,580.0,4800.0,1040.0,26000.0,8090.0,15520.0,6440.0
46220,3520.0,6350.0,14740.0,3060.0,1360.0,510.0,4510.0,6710.0,240.0,7790.0,1180.0,9460.0,1280.0,1900.0,2180.0,370.0,3010.0,880.0,13430.0,4900.0,9910.0,2510.0
25940,2430.0,3640.0,1490.0,3070.0,850.0,170.0,2880.0,3830.0,50.0,3770.0,670.0,10620.0,450.0,1910.0,3170.0,640.0,5080.0,720.0,9970.0,3150.0,11710.0,2170.0
28740,2060.0,5660.0,2390.0,2260.0,1420.0,270.0,2190.0,3580.0,50.0,3150.0,600.0,6610.0,410.0,2630.0,2620.0,350.0,2190.0,560.0,9810.0,2390.0,5940.0,1570.0
10740,14010.0,21920.0,11560.0,19140.0,6100.0,3760.0,13640.0,26140.0,290.0,20530.0,8980.0,38520.0,12970.0,10850.0,17410.0,3600.0,11720.0,5330.0,60440.0,17940.0,37390.0,19340.0
14100,2320.0,2260.0,3400.0,1550.0,790.0,**,1760.0,6100.0,,2120.0,1450.0,2880.0,350.0,410.0,980.0,,1140.0,420.0,7590.0,1200.0,3310.0,1760.0
30140,1840.0,2680.0,5160.0,1350.0,1150.0,350.0,2640.0,3050.0,120.0,5510.0,380.0,4260.0,370.0,560.0,1510.0,120.0,1530.0,290.0,8080.0,1550.0,4630.0,1460.0
1600004,1060.0,4470.0,3400.0,2340.0,870.0,1220.0,2330.0,2270.0,880.0,3960.0,610.0,4130.0,530.0,890.0,830.0,150.0,2190.0,340.0,6290.0,2910.0,3830.0,1160.0
43780,4340.0,12230.0,12300.0,6630.0,1830.0,670.0,6320.0,8230.0,190.0,9190.0,2190.0,12760.0,1470.0,2730.0,3640.0,560.0,4430.0,1580.0,19190.0,4560.0,12920.0,4680.0
19460,1180.0,2640.0,8540.0,1620.0,460.0,350.0,2690.0,2700.0,110.0,4960.0,440.0,5730.0,1500.0,1280.0,1480.0,120.0,1480.0,210.0,6910.0,2870.0,4480.0,1280.0
29200,2130.0,10400.0,14310.0,3590.0,1090.0,710.0,3730.0,5090.0,220.0,5290.0,1340.0,8160.0,1230.0,1390.0,1920.0,240.0,3180.0,700.0,11000.0,2840.0,9610.0,2520.0
36980,1340.0,2790.0,5740.0,1970.0,870.0,180.0,2110.0,2740.0,,3630.0,360.0,5020.0,480.0,910.0,1860.0,180.0,1620.0,230.0,7960.0,2350.0,4690.0,1410.0
74650,1860.0,3280.0,3950.0,2580.0,980.0,160.0,2200.0,3900.0,40.0,3950.0,840.0,4820.0,330.0,560.0,1940.0,240.0,1480.0,440.0,8630.0,2090.0,3740.0,1700.0
43340,6540.0,10760.0,9490.0,7050.0,2170.0,760.0,8750.0,15470.0,110.0,12040.0,1370.0,22380.0,1630.0,4540.0,7820.0,1020.0,6510.0,1160.0,26710.0,8140.0,17920.0,5650.0
19060,1290.0,2820.0,2490.0,1080.0,830.0,180.0,1320.0,3010.0,50.0,1870.0,420.0,3960.0,440.0,1460.0,1680.0,130.0,1000.0,180.0,5740.0,1640.0,3690.0,970.0
2000001,2440.0,6460.0,11790.0,2740.0,650.0,460.0,4140.0,3910.0,1030.0,6090.0,400.0,7000.0,320.0,1780.0,1620.0,230.0,3230.0,810.0,9470.0,4210.0,6300.0,1920.0
2000003,5170.0,10860.0,13740.0,5910.0,1980.0,670.0,6890.0,8740.0,700.0,9440.0,1470.0,13610.0,1610.0,3050.0,4190.0,470.0,4650.0,1440.0,22310.0,5850.0,12740.0,5010.0
2000002,2680.0,4530.0,3020.0,2710.0,740.0,260.0,3770.0,4220.0,530.0,4030.0,470.0,6270.0,320.0,1240.0,1970.0,260.0,2380.0,690.0,9570.0,3520.0,5640.0,1770.0
19380,15380.0,23230.0,29980.0,15270.0,5280.0,2690.0,13350.0,28850.0,240.0,24670.0,12020.0,35940.0,9870.0,7590.0,8820.0,1880.0,11140.0,4420.0,54100.0,8710.0,36820.0,20600.0
5300003,790.0,3000.0,1480.0,1220.0,590.0,750.0,1900.0,1490.0,1050.0,2620.0,280.0,3030.0,210.0,640.0,1260.0,110.0,1340.0,330.0,4010.0,1500.0,4260.0,800.0
5300002,1780.0,4920.0,4880.0,2290.0,1110.0,770.0,3370.0,2910.0,1320.0,5130.0,470.0,6810.0,460.0,2320.0,1990.0,310.0,2780.0,720.0,8900.0,2680.0,6720.0,1570.0
70750,2670.0,4700.0,2320.0,3300.0,1760.0,390.0,2770.0,5050.0,150.0,3720.0,1090.0,6790.0,600.0,1430.0,2930.0,390.0,2580.0,840.0,9810.0,2580.0,6160.0,2210.0
74950,3670.0,6970.0,6270.0,6580.0,1660.0,430.0,4960.0,7350.0,60.0,5880.0,3120.0,13370.0,2280.0,2200.0,2890.0,990.0,3710.0,1630.0,19110.0,3540.0,8250.0,5650.0
35840,11860.0,11790.0,13140.0,9050.0,2780.0,1010.0,12560.0,18310.0,1550.0,13150.0,3650.0,39000.0,2630.0,5610.0,8200.0,2450.0,12230.0,3520.0,48060.0,15740.0,34330.0,12100.0
5300004,1500.0,7010.0,5460.0,2270.0,750.0,950.0,3180.0,2420.0,1870.0,5400.0,1030.0,4960.0,1130.0,1540.0,1190.0,190.0,2040.0,550.0,6810.0,1940.0,5140.0,1630.0
20994,5990.0,20080.0,26130.0,16040.0,3440.0,1160.0,9300.0,12540.0,270.0,22890.0,4430.0,23070.0,3800.0,4770.0,6170.0,790.0,6470.0,2580.0,37700.0,9720.0,21050.0,8370.0
36500,2990.0,7150.0,2780.0,6430.0,1890.0,2010.0,3590.0,5290.0,290.0,5680.0,4950.0,9810.0,1540.0,1760.0,3140.0,860.0,2950.0,1790.0,17850.0,3510.0,9570.0,7490.0
19140,1230.0,2790.0,17270.0,2730.0,550.0,180.0,4190.0,2820.0,**,9110.0,1000.0,7380.0,630.0,810.0,930.0,180.0,850.0,250.0,8850.0,1170.0,3570.0,1790.0
33260,**,3530.0,4700.0,3720.0,590.0,1660.0,4940.0,3420.0,**,8520.0,840.0,9450.0,2870.0,1120.0,1490.0,,2150.0,990.0,12390.0,8790.0,7970.0,3850.0
33540,1290.0,3150.0,1820.0,2030.0,1450.0,1130.0,2260.0,3990.0,170.0,3290.0,1250.0,6910.0,690.0,950.0,2410.0,630.0,2390.0,1060.0,9750.0,2340.0,6630.0,2390.0
37900,5350.0,10350.0,10840.0,12430.0,2950.0,770.0,7670.0,12340.0,200.0,10850.0,5090.0,16300.0,7120.0,2810.0,4410.0,900.0,6140.0,1940.0,24780.0,6320.0,16180.0,8560.0
31860,1640.0,3600.0,3980.0,2440.0,1670.0,260.0,1840.0,3150.0,80.0,3290.0,1050.0,5390.0,700.0,560.0,3340.0,160.0,1850.0,700.0,7270.0,1620.0,5230.0,1810.0
17900,9880.0,22020.0,24840.0,17920.0,6180.0,2000.0,16040.0,23820.0,770.0,28490.0,10830.0,39670.0,6330.0,11470.0,9750.0,4020.0,10660.0,4070.0,62940.0,13300.0,31210.0,17500.0
16540,1780.0,3290.0,5860.0,1740.0,980.0,160.0,2910.0,3090.0,110.0,8750.0,900.0,5450.0,1110.0,700.0,1570.0,170.0,1700.0,300.0,8010.0,1800.0,5110.0,1860.0
44180,7020.0,11720.0,11740.0,7650.0,3390.0,930.0,8830.0,15420.0,100.0,17960.0,4430.0,22600.0,1710.0,3960.0,7120.0,1080.0,5740.0,2180.0,33400.0,7190.0,19790.0,7310.0
71950,11640.0,28130.0,19880.0,36560.0,7380.0,3450.0,11970.0,22200.0,220.0,19470.0,14600.0,44830.0,5220.0,9770.0,15910.0,4010.0,16100.0,8210.0,66570.0,9800.0,33370.0,29540.0
76900,2310.0,4300.0,6310.0,5650.0,660.0,710.0,4000.0,4700.0,30.0,3860.0,3250.0,11860.0,3380.0,1290.0,2420.0,380.0,2620.0,1200.0,14950.0,3050.0,9140.0,5280.0
76750,6280.0,11510.0,9370.0,13180.0,3160.0,1320.0,7710.0,13530.0,230.0,11990.0,5960.0,20880.0,3240.0,4380.0,8630.0,1670.0,6480.0,3350.0,32050.0,6740.0,19200.0,10740.0
5000001,2790.0,10700.0,8200.0,3980.0,3200.0,900.0,4590.0,6900.0,440.0,6640.0,1180.0,9860.0,1360.0,1840.0,3980.0,660.0,4650.0,2050.0,14830.0,5660.0,9720.0,3340.0
31900,1770.0,2910.0,7430.0,1760.0,1080.0,70.0,1890.0,3200.0,80.0,3660.0,410.0,4960.0,1100.0,1740.0,980.0,250.0,1330.0,310.0,7630.0,1860.0,5010.0,1270.0
27140,8040.0,16380.0,16540.0,16030.0,3740.0,1730.0,11030.0,21690.0,430.0,17920.0,4080.0,27140.0,3500.0,8920.0,10880.0,2490.0,8360.0,2850.0,40200.0,7090.0,22470.0,11000.0
40140,30030.0,95590.0,82190.0,58800.0,18510.0,8620.0,54790.0,72860.0,7560.0,146510.0,15010.0,145520.0,13790.0,35710.0,41560.0,5920.0,43890.0,11060.0,215160.0,71450.0,137410.0,50500.0
27260,17730.0,30750.0,24510.0,22080.0,6650.0,2660.0,29060.0,43020.0,440.0,48390.0,17380.0,74460.0,8030.0,17160.0,16740.0,4860.0,20410.0,6790.0,118830.0,28500.0,65020.0,41710.0
19660,7380.0,11130.0,9230.0,4960.0,2350.0,490.0,7570.0,13560.0,410.0,7510.0,2460.0,26710.0,1910.0,4130.0,5360.0,1440.0,9290.0,1460.0,30690.0,9680.0,25390.0,6670.0
28700,3860.0,6260.0,12440.0,5150.0,1320.0,870.0,6100.0,9440.0,140.0,8170.0,1370.0,12580.0,2800.0,2690.0,2440.0,650.0,3210.0,810.0,18160.0,4900.0,11730.0,3420.0
30700,4560.0,10380.0,11250.0,7360.0,3830.0,1940.0,5960.0,10570.0,210.0,12680.0,5810.0,17060.0,2880.0,2850.0,5170.0,1100.0,5340.0,2720.0,29660.0,7100.0,15730.0,11080.0
0500002,2420.0,5110.0,10020.0,2720.0,1140.0,250.0,3080.0,3510.0,400.0,6510.0,320.0,6910.0,610.0,1660.0,2420.0,250.0,2320.0,270.0,9280.0,2320.0,5880.0,1310.0
0500003,2840.0,6580.0,12390.0,3650.0,1100.0,470.0,4820.0,4250.0,1110.0,9020.0,560.0,8330.0,660.0,2400.0,2080.0,290.0,2500.0,460.0,12780.0,3270.0,7650.0,2120.0
0500004,3260.0,6590.0,14580.0,4200.0,1300.0,500.0,5090.0,5280.0,1650.0,9590.0,490.0,8980.0,1220.0,1470.0,2830.0,370.0,2500.0,390.0,13790.0,5060.0,6640.0,2350.0
74500,1480.0,4410.0,4090.0,3050.0,1460.0,180.0,1600.0,3670.0,60.0,3200.0,560.0,5670.0,520.0,1190.0,1690.0,170.0,1210.0,360.0,6920.0,1640.0,5590.0,1430.0
30300,980.0,1470.0,3290.0,1170.0,420.0,200.0,1570.0,1860.0,170.0,1560.0,230.0,2690.0,250.0,490.0,860.0,100.0,850.0,240.0,3640.0,1070.0,2340.0,730.0
33860,3740.0,8990.0,16800.0,6090.0,1920.0,1150.0,7040.0,9340.0,540.0,12710.0,3990.0,17160.0,2810.0,5240.0,5470.0,1540.0,5780.0,1780.0,25770.0,4890.0,14630.0,7650.0
26140,1640.0,1820.0,790.0,620.0,360.0,,1730.0,3170.0,,1240.0,250.0,4330.0,140.0,850.0,1150.0,100.0,1500.0,110.0,4840.0,2270.0,3840.0,970.0
42020,2590.0,7730.0,4860.0,5790.0,1460.0,1050.0,3620.0,6770.0,2640.0,4730.0,2230.0,11940.0,2000.0,3320.0,5470.0,460.0,4950.0,1030.0,16670.0,5520.0,13590.0,**
27500,1740.0,4480.0,6820.0,2820.0,790.0,290.0,2930.0,4050.0,60.0,6270.0,1090.0,7160.0,840.0,960.0,2060.0,210.0,1710.0,470.0,9340.0,2420.0,6110.0,2200.0
42340,4230.0,9080.0,9450.0,8210.0,1930.0,510.0,9000.0,10120.0,160.0,15880.0,2000.0,17830.0,4200.0,4690.0,3280.0,1090.0,5780.0,2200.0,23910.0,5650.0,20400.0,6040.0
43900,3860.0,8230.0,22010.0,6090.0,1500.0,500.0,7930.0,8150.0,110.0,12840.0,1720.0,15200.0,3100.0,2600.0,2510.0,580.0,3510.0,940.0,20590.0,4490.0,11530.0,4150.0
17300,2870.0,6080.0,9420.0,4120.0,1490.0,390.0,3750.0,5180.0,40.0,5730.0,920.0,9380.0,810.0,1590.0,2150.0,240.0,2320.0,580.0,13600.0,2050.0,9340.0,2540.0
10900,12260.0,21150.0,26730.0,12820.0,5710.0,1840.0,13900.0,26760.0,280.0,35410.0,6850.0,34050.0,6370.0,6840.0,14650.0,1460.0,11000.0,3310.0,57750.0,11450.0,31020.0,13090.0
26380,2040.0,3750.0,7760.0,3750.0,1230.0,410.0,6230.0,5260.0,60.0,12610.0,410.0,9390.0,1780.0,1680.0,1690.0,270.0,2030.0,390.0,12430.0,5900.0,7270.0,**
29020,1140.0,2370.0,,1350.0,440.0,170.0,1780.0,2300.0,,1320.0,420.0,4100.0,1060.0,450.0,1220.0,150.0,840.0,340.0,3930.0,,4370.0,830.0
1600001,1140.0,3840.0,2620.0,2480.0,960.0,1320.0,2270.0,2570.0,1080.0,2900.0,560.0,4640.0,400.0,860.0,1770.0,130.0,1480.0,630.0,6270.0,2550.0,4450.0,1280.0
1600002,420.0,1540.0,1640.0,1060.0,370.0,600.0,990.0,820.0,300.0,1220.0,290.0,1760.0,130.0,500.0,520.0,90.0,670.0,180.0,2590.0,940.0,1750.0,740.0
1600003,2140.0,4570.0,6300.0,3990.0,1460.0,930.0,4320.0,3480.0,1010.0,7630.0,1280.0,8000.0,710.0,1360.0,2220.0,320.0,3030.0,940.0,10030.0,4240.0,6750.0,1990.0
31540,8580.0,25520.0,26830.0,20700.0,6090.0,7180.0,12270.0,22700.0,500.0,20240.0,23750.0,33240.0,7750.0,6720.0,11870.0,2680.0,11410.0,6460.0,56150.0,13510.0,30880.0,26840.0
18140,37140.0,59730.0,56910.0,49840.0,13690.0,7740.0,37690.0,63750.0,890.0,80500.0,43420.0,92800.0,18180.0,22350.0,24640.0,6770.0,31180.0,13510.0,172430.0,29120.0,94560.0,66650.0
25220,1170.0,3390.0,2180.0,1580.0,690.0,**,1580.0,3260.0,120.0,3030.0,440.0,6110.0,170.0,1160.0,2890.0,**,930.0,210.0,5880.0,830.0,4650.0,1090.0
0100004,2330.0,5200.0,13090.0,2790.0,680.0,280.0,6480.0,4410.0,720.0,8320.0,790.0,8020.0,1290.0,1970.0,1400.0,180.0,2550.0,520.0,11680.0,2500.0,6650.0,2420.0
4100001,770.0,2440.0,2870.0,1810.0,920.0,470.0,2370.0,1880.0,560.0,2650.0,200.0,5180.0,270.0,850.0,1890.0,170.0,2840.0,320.0,5810.0,1740.0,6680.0,870.0
4100002,1870.0,3530.0,4020.0,2590.0,1440.0,730.0,2980.0,3550.0,1380.0,5950.0,470.0,6920.0,540.0,1430.0,3520.0,230.0,2640.0,440.0,9850.0,2500.0,6420.0,1400.0
4100003,1440.0,4120.0,4180.0,2880.0,1320.0,1440.0,2630.0,3000.0,590.0,4150.0,610.0,5970.0,660.0,1030.0,2590.0,250.0,2070.0,340.0,8510.0,2210.0,6360.0,1640.0
4100004,1420.0,4750.0,4790.0,3160.0,1380.0,1770.0,3590.0,3130.0,1970.0,7420.0,430.0,6310.0,400.0,2630.0,2670.0,250.0,2770.0,480.0,9270.0,2500.0,5830.0,1400.0
0100001,1950.0,4500.0,13370.0,1840.0,520.0,100.0,2950.0,3870.0,560.0,5880.0,200.0,6360.0,720.0,960.0,1120.0,120.0,1410.0,310.0,8780.0,2790.0,4860.0,1100.0
0100002,3990.0,8330.0,36340.0,4150.0,1090.0,310.0,7140.0,7360.0,1160.0,12850.0,670.0,13880.0,1900.0,2530.0,2930.0,230.0,4110.0,630.0,18120.0,4160.0,10710.0,2860.0
0100003,1790.0,4880.0,9600.0,2220.0,990.0,250.0,4080.0,4080.0,980.0,6300.0,220.0,6930.0,700.0,1700.0,1330.0,240.0,2470.0,340.0,9270.0,2750.0,5080.0,1440.0
25980,380.0,2100.0,1120.0,750.0,310.0,200.0,910.0,890.0,40.0,770.0,290.0,1460.0,280.0,540.0,290.0,100.0,540.0,60.0,2620.0,480.0,1710.0,930.0
17660,1760.0,3190.0,3890.0,2930.0,1180.0,770.0,2300.0,3460.0,270.0,2570.0,670.0,6420.0,670.0,1140.0,2570.0,330.0,1880.0,420.0,9870.0,3550.0,6310.0,1800.0
72850,2110.0,5710.0,4960.0,4600.0,1290.0,440.0,3040.0,5000.0,100.0,3990.0,1710.0,10110.0,1630.0,1260.0,3650.0,370.0,2810.0,1080.0,13360.0,2690.0,6570.0,3130.0
25860,7710.0,7400.0,30480.0,4760.0,2140.0,400.0,6340.0,8930.0,140.0,14500.0,1290.0,13970.0,1420.0,3450.0,2400.0,320.0,3040.0,890.0,19760.0,3010.0,12680.0,3570.0
41940,17440.0,58110.0,52300.0,85040.0,10570.0,11800.0,26700.0,42390.0,3240.0,38680.0,130550.0,96390.0,56740.0,17260.0,26990.0,7790.0,27920.0,14640.0,130540.0,36450.0,77990.0,75890.0
34580,1270.0,2810.0,3720.0,1770.0,710.0,510.0,2270.0,2420.0,270.0,2810.0,520.0,5360.0,820.0,900.0,1550.0,180.0,1320.0,580.0,5900.0,2560.0,4970.0,1540.0
26580,5160.0,8940.0,8920.0,4910.0,2050.0,880.0,6140.0,13350.0,,8290.0,1000.0,14670.0,1470.0,2170.0,4160.0,630.0,3750.0,660.0,19790.0,7260.0,13320.0,3590.0
14020,1910.0,6850.0,4860.0,3300.0,1020.0,1940.0,2450.0,3910.0,70.0,3530.0,1690.0,6550.0,1270.0,1250.0,2160.0,420.0,1910.0,970.0,9120.0,1850.0,7980.0,2440.0
2300001,2840.0,5270.0,5070.0,3500.0,1410.0,690.0,3070.0,4950.0,750.0,4800.0,540.0,6520.0,360.0,1210.0,2500.0,190.0,2890.0,870.0,11080.0,2980.0,6520.0,1780.0
20940,1080.0,4560.0,1440.0,2020.0,1300.0,300.0,1950.0,2090.0,6400.0,3160.0,320.0,6090.0,320.0,3490.0,1790.0,200.0,1720.0,250.0,7710.0,1790.0,4000.0,1910.0
45300,38510.0,62240.0,55400.0,45250.0,12830.0,6760.0,51050.0,82660.0,1730.0,65550.0,41230.0,153570.0,17050.0,30820.0,34780.0,14010.0,36450.0,14500.0,243250.0,50590.0,126710.0,79780.0
41500,2800.0,13430.0,4520.0,6700.0,2010.0,1400.0,5850.0,6580.0,31320.0,9500.0,2100.0,15030.0,1040.0,4470.0,3770.0,780.0,5910.0,1790.0,19360.0,4640.0,16850.0,4980.0
37460,2240.0,4870.0,3440.0,2240.0,870.0,570.0,4270.0,4880.0,170.0,3950.0,1060.0,10300.0,1870.0,2630.0,1590.0,420.0,3080.0,580.0,13450.0,3990.0,11010.0,3620.0
21300,1080.0,2010.0,3360.0,1380.0,770.0,100.0,1650.0,2800.0,,3000.0,310.0,4060.0,550.0,1350.0,1100.0,160.0,1160.0,320.0,5290.0,1450.0,3370.0,790.0
49700,1370.0,4230.0,1650.0,1660.0,540.0,370.0,1690.0,2780.0,1560.0,2520.0,270.0,4570.0,510.0,1160.0,1610.0,110.0,1160.0,160.0,6040.0,1400.0,3740.0,1200.0
36540,11940.0,27050.0,27260.0,23460.0,6660.0,3160.0,16730.0,30220.0,540.0,38020.0,19270.0,53780.0,6190.0,8940.0,16210.0,2810.0,13310.0,6170.0,80550.0,21530.0,41330.0,28190.0
15804,22780.0,46490.0,23410.0,21070.0,10100.0,2270.0,18270.0,33540.0,620.0,45830.0,9860.0,54170.0,8550.0,12250.0,15990.0,4760.0,14780.0,3680.0,85780.0,16750.0,40680.0,25700.0
1200001,1130.0,2720.0,910.0,650.0,490.0,210.0,1040.0,2090.0,270.0,2070.0,180.0,3150.0,450.0,3110.0,1070.0,110.0,790.0,140.0,3860.0,1720.0,2740.0,740.0
1200002,2740.0,6670.0,7130.0,1970.0,1210.0,430.0,4170.0,4850.0,1110.0,6230.0,570.0,10610.0,960.0,6980.0,1610.0,400.0,2760.0,290.0,13430.0,3760.0,8010.0,2400.0
1200003,1480.0,4280.0,2000.0,2060.0,930.0,430.0,3600.0,3120.0,1770.0,4700.0,590.0,9360.0,580.0,3690.0,2270.0,430.0,3750.0,500.0,11300.0,4010.0,12920.0,2280.0
48864,9550.0,20320.0,12140.0,15300.0,5390.0,4580.0,12650.0,23380.0,380.0,24360.0,15180.0,35450.0,5250.0,7760.0,11230.0,4220.0,10920.0,3090.0,59650.0,10900.0,29380.0,25700.0
12220,1370.0,4830.0,6630.0,1920.0,560.0,390.0,1940.0,2940.0,,3900.0,780.0,6330.0,570.0,680.0,1720.0,110.0,1780.0,540.0,6920.0,1500.0,7040.0,1380.0
31420,3630.0,5800.0,5520.0,4570.0,1710.0,240.0,4310.0,7730.0,290.0,6450.0,1560.0,10520.0,660.0,2700.0,2340.0,640.0,3280.0,740.0,17840.0,2860.0,9190.0,5240.0
24420,760.0,1030.0,1670.0,1090.0,710.0,200.0,670.0,1330.0,80.0,1340.0,330.0,2930.0,160.0,380.0,1770.0,70.0,910.0,360.0,4740.0,720.0,2520.0,420.0
36420,16620.0,31560.0,29600.0,37640.0,10520.0,4360.0,25850.0,42020.0,790.0,35510.0,15190.0,62460.0,12170.0,13370.0,14810.0,6260.0,16350.0,7300.0,100940.0,30400.0,62520.0,31030.0
27860,1800.0,3840.0,5190.0,2480.0,690.0,120.0,2450.0,4840.0,270.0,3670.0,500.0,6320.0,380.0,920.0,1630.0,150.0,2020.0,310.0,7570.0,1810.0,5410.0,1360.0
33340,20420.0,47280.0,84500.0,44370.0,13050.0,4070.0,27420.0,52620.0,720.0,51900.0,25930.0,80590.0,16790.0,15430.0,44550.0,6370.0,24580.0,12430.0,125240.0,24930.0,70390.0,47260.0
34820,3960.0,8740.0,4420.0,6030.0,1300.0,500.0,6550.0,7250.0,150.0,8230.0,1250.0,23320.0,830.0,4660.0,5250.0,820.0,10000.0,1520.0,22230.0,5920.0,26420.0,3250.0
23420,9400.0,28180.0,20810.0,14850.0,6670.0,2970.0,12980.0,20210.0,28520.0,25110.0,3660.0,32140.0,3000.0,7640.0,8950.0,2450.0,9150.0,3420.0,55620.0,12050.0,29210.0,13780.0
0900001,1310.0,3010.0,2670.0,2380.0,1090.0,110.0,1050.0,2300.0,40.0,1780.0,240.0,2860.0,370.0,520.0,1250.0,140.0,1480.0,530.0,5140.0,1420.0,3070.0,960.0
22520,1400.0,2980.0,7170.0,1720.0,520.0,100.0,2500.0,3750.0,80.0,3950.0,190.0,6750.0,660.0,620.0,1200.0,150.0,1650.0,300.0,8260.0,2480.0,5600.0,1170.0
34940,3680.0,5520.0,4820.0,4350.0,1200.0,480.0,5360.0,8210.0,440.0,6830.0,1330.0,17920.0,860.0,3210.0,5340.0,980.0,9850.0,1270.0,19760.0,10960.0,20470.0,5280.0
2700004,5710.0,10720.0,23970.0,7910.0,2470.0,1010.0,6060.0,7820.0,530.0,11530.0,2310.0,15600.0,2070.0,2490.0,5830.0,510.0,5080.0,1600.0,21460.0,5390.0,14160.0,4990.0
2100002,4690.0,10320.0,26720.0,6210.0,2600.0,470.0,7630.0,11070.0,610.0,17710.0,1620.0,15370.0,1120.0,2850.0,4840.0,430.0,4270.0,960.0,25190.0,5060.0,15070.0,3270.0
2700001,6270.0,13140.0,19370.0,8470.0,3960.0,1220.0,7760.0,11420.0,570.0,12870.0,2270.0,19630.0,2430.0,3160.0,7590.0,780.0,7070.0,1560.0,26840.0,8640.0,16490.0,6040.0
24140,2390.0,3330.0,4070.0,1120.0,920.0,200.0,1710.0,2870.0,140.0,3620.0,280.0,4360.0,350.0,870.0,840.0,110.0,940.0,250.0,5820.0,1180.0,4000.0,1240.0
27100,1890.0,3070.0,9800.0,2960.0,1160.0,280.0,2350.0,3840.0,70.0,2750.0,1190.0,5290.0,2480.0,1590.0,1300.0,200.0,1250.0,380.0,8290.0,1460.0,5110.0,2400.0
11244,34600.0,78220.0,104910.0,100990.0,17070.0,12700.0,45850.0,73460.0,1890.0,79780.0,54790.0,167660.0,37830.0,24550.0,45050.0,12770.0,53150.0,23540.0,263330.0,71760.0,150080.0,109150.0
48660,2510.0,3920.0,3570.0,1620.0,880.0,200.0,2640.0,4380.0,60.0,3150.0,780.0,5860.0,1090.0,1960.0,1720.0,240.0,1750.0,380.0,9400.0,2210.0,6140.0,1690.0
2800003,4880.0,11030.0,17930.0,6610.0,2020.0,490.0,7450.0,10910.0,1790.0,11900.0,1250.0,15430.0,2160.0,4130.0,3770.0,470.0,4800.0,940.0,19790.0,7120.0,13410.0,3030.0
19740,35670.0,73890.0,52490.0,66370.0,17590.0,14960.0,51850.0,74090.0,1760.0,84560.0,66960.0,166380.0,36760.0,29360.0,48170.0,14800.0,43310.0,22300.0,204950.0,67860.0,128880.0,112600.0
2800002,2830.0,8740.0,9700.0,4470.0,1980.0,650.0,4770.0,6360.0,640.0,9760.0,390.0,10430.0,1110.0,4240.0,2770.0,370.0,3330.0,530.0,13400.0,2450.0,7850.0,1650.0
2300002,6600.0,13560.0,14740.0,10380.0,3430.0,1170.0,8740.0,12360.0,680.0,11210.0,2860.0,17750.0,3380.0,4040.0,8250.0,960.0,6740.0,2110.0,28440.0,9410.0,17570.0,6510.0
22220,4730.0,14470.0,21080.0,13500.0,1510.0,1190.0,7950.0,10910.0,970.0,22440.0,8120.0,26600.0,2160.0,3370.0,6080.0,1270.0,6650.0,2170.0,33300.0,8050.0,20680.0,15900.0
75404,3090.0,8220.0,10170.0,8220.0,1110.0,520.0,4460.0,5670.0,90.0,7820.0,5210.0,18680.0,3900.0,1730.0,3990.0,380.0,3700.0,1110.0,21060.0,4150.0,10370.0,5570.0
4900001,360.0,2110.0,960.0,2220.0,140.0,210.0,1590.0,1080.0,,1330.0,480.0,4660.0,440.0,800.0,2080.0,170.0,1780.0,530.0,4120.0,2220.0,4600.0,1020.0
30620,2210.0,2290.0,5510.0,1570.0,770.0,170.0,2450.0,4170.0,,3910.0,380.0,4800.0,600.0,1060.0,1030.0,170.0,1470.0,320.0,6960.0,1790.0,5080.0,1400.0
4900003,480.0,1740.0,960.0,1250.0,540.0,430.0,1130.0,930.0,160.0,1380.0,340.0,2690.0,190.0,490.0,620.0,100.0,1240.0,320.0,3250.0,1370.0,3040.0,520.0
4900004,1060.0,3340.0,1910.0,2350.0,710.0,800.0,2790.0,1960.0,**,3450.0,240.0,3910.0,510.0,1160.0,1090.0,180.0,1700.0,290.0,5630.0,4520.0,4100.0,1130.0
29180,5540.0,9030.0,15970.0,8270.0,2320.0,1230.0,12830.0,12680.0,300.0,17320.0,1630.0,25280.0,3410.0,3580.0,8160.0,1510.0,5460.0,1570.0,29880.0,12910.0,19430.0,5780.0
70900,3180.0,6100.0,2580.0,5880.0,1880.0,1320.0,3640.0,7970.0,180.0,4950.0,1080.0,12110.0,1560.0,2400.0,3940.0,400.0,5400.0,1120.0,15340.0,4680.0,13440.0,2760.0
1300003,2720.0,7430.0,8140.0,3210.0,1200.0,230.0,3860.0,5330.0,1290.0,6670.0,580.0,8130.0,650.0,3880.0,2190.0,370.0,2750.0,420.0,11900.0,3440.0,7870.0,1650.0
1300002,3510.0,9750.0,18580.0,5240.0,1870.0,290.0,5400.0,7870.0,680.0,13580.0,910.0,11880.0,1180.0,4420.0,2340.0,380.0,3220.0,600.0,17120.0,5060.0,10580.0,3270.0
1300001,3040.0,11570.0,25770.0,6780.0,1370.0,350.0,6520.0,7440.0,760.0,13570.0,1210.0,17730.0,1370.0,3960.0,2570.0,550.0,3940.0,940.0,23670.0,5190.0,16260.0,4100.0
20260,5110.0,7450.0,5640.0,5940.0,4040.0,1240.0,6140.0,10600.0,120.0,7240.0,1680.0,11940.0,2100.0,2750.0,7200.0,470.0,4610.0,1260.0,18090.0,5100.0,12680.0,4110.0
22744,19070.0,37430.0,25630.0,29230.0,9260.0,3070.0,36690.0,46000.0,300.0,47690.0,20170.0,113590.0,7320.0,22250.0,23300.0,10250.0,28360.0,8700.0,152090.0,33480.0,79700.0,44210.0
3800004,1340.0,1510.0,3050.0,1270.0,280.0,220.0,1450.0,1230.0,370.0,2260.0,150.0,1930.0,390.0,260.0,950.0,70.0,840.0,130.0,3410.0,1250.0,1740.0,940.0
23900,980.0,2240.0,4280.0,990.0,520.0,140.0,1470.0,1490.0,150.0,2840.0,290.0,2660.0,240.0,560.0,1060.0,60.0,1210.0,330.0,4650.0,1190.0,4210.0,830.0
3800001,1200.0,2570.0,4050.0,2920.0,440.0,470.0,5340.0,2160.0,130.0,9040.0,330.0,4630.0,1000.0,1020.0,1260.0,330.0,2010.0,410.0,7310.0,12940.0,4110.0,1460.0
3800002,1320.0,3980.0,3280.0,2470.0,690.0,410.0,4230.0,2920.0,250.0,6050.0,370.0,5690.0,880.0,1030.0,1860.0,220.0,1950.0,390.0,8350.0,5950.0,5240.0,1940.0
3800003,1840.0,3250.0,2330.0,1660.0,570.0,300.0,2200.0,2530.0,370.0,3200.0,180.0,3730.0,510.0,890.0,2080.0,140.0,1780.0,460.0,5690.0,1600.0,3690.0,1360.0
2500004,90.0,640.0,1110.0,290.0,90.0,**,220.0,270.0,,380.0,,650.0,,160.0,330.0,,200.0,,840.0,130.0,430.0,110.0
2500002,210.0,740.0,350.0,630.0,190.0,,270.0,460.0,40.0,280.0,80.0,910.0,50.0,210.0,510.0,,690.0,150.0,1320.0,470.0,1130.0,240.0
2500003,980.0,3110.0,1630.0,1850.0,1020.0,160.0,890.0,1910.0,50.0,1080.0,210.0,2140.0,180.0,860.0,1130.0,90.0,1030.0,230.0,3810.0,840.0,2790.0,720.0
2500001,230.0,1190.0,160.0,1100.0,100.0,80.0,680.0,730.0,,540.0,70.0,2470.0,110.0,530.0,560.0,80.0,1730.0,230.0,2590.0,1330.0,2460.0,380.0
33220,1070.0,2250.0,3170.0,1790.0,390.0,**,1150.0,2510.0,,1340.0,570.0,3360.0,660.0,440.0,1250.0,100.0,1550.0,400.0,5540.0,1880.0,2770.0,1800.0
12020,1870.0,8310.0,5060.0,3970.0,960.0,2860.0,2910.0,6100.0,190.0,4830.0,1220.0,8390.0,680.0,1570.0,2310.0,440.0,2490.0,830.0,13210.0,2110.0,9780.0,2780.0
25260,820.0,3400.0,2240.0,1330.0,890.0,430.0,1650.0,2500.0,3050.0,2850.0,300.0,3200.0,140.0,3660.0,1400.0,190.0,1210.0,160.0,5180.0,900.0,3570.0,1120.0
40220,5290.0,7950.0,11130.0,5000.0,2870.0,730.0,7090.0,12320.0,160.0,11870.0,2930.0,16380.0,2070.0,4530.0,4230.0,920.0,4510.0,1480.0,25220.0,6530.0,13020.0,6880.0
42680,1680.0,2420.0,1380.0,1370.0,500.0,180.0,2370.0,3400.0,1000.0,2010.0,460.0,7130.0,400.0,1060.0,1490.0,350.0,2670.0,450.0,7550.0,2370.0,6520.0,1470.0
39340,5450.0,17930.0,12510.0,13520.0,4480.0,1550.0,6270.0,10540.0,160.0,8940.0,9890.0,22400.0,3870.0,2610.0,6560.0,930.0,6740.0,3670.0,37740.0,17370.0,17350.0,9110.0
2600004,7480.0,22400.0,40950.0,11390.0,3940.0,1290.0,13280.0,13060.0,720.0,20340.0,2290.0,26290.0,5410.0,6060.0,9390.0,540.0,8610.0,2460.0,40240.0,9680.0,25040.0,7670.0
2600003,3970.0,5570.0,11770.0,4660.0,1850.0,620.0,5030.0,8450.0,390.0,6370.0,850.0,14460.0,1510.0,2010.0,4410.0,650.0,5480.0,1360.0,19070.0,5210.0,13190.0,2920.0
2600002,2530.0,3870.0,5300.0,2890.0,1480.0,380.0,3710.0,4820.0,320.0,5340.0,350.0,9660.0,800.0,1290.0,2870.0,240.0,2570.0,550.0,10570.0,3730.0,9100.0,1800.0
2600001,3970.0,6140.0,7550.0,4760.0,2190.0,940.0,6170.0,8370.0,680.0,6660.0,790.0,11160.0,1370.0,3960.0,3320.0,470.0,4320.0,1220.0,17090.0,5580.0,11590.0,3550.0
25500,1600.0,4280.0,6760.0,1700.0,590.0,360.0,3140.0,3020.0,490.0,5750.0,1000.0,6070.0,450.0,920.0,2020.0,220.0,2650.0,820.0,8610.0,2660.0,6260.0,1980.0
75700,9150.0,25280.0,17200.0,16250.0,6660.0,2650.0,9270.0,21000.0,140.0,15890.0,5900.0,26720.0,3960.0,6360.0,11250.0,1930.0,9520.0,3320.0,46340.0,9340.0,22660.0,10930.0
39580,14440.0,35480.0,20270.0,30700.0,6180.0,7670.0,22330.0,30530.0,540.0,33280.0,34530.0,72030.0,14840.0,14160.0,16570.0,4560.0,20370.0,7300.0,89980.0,24280.0,57040.0,38270.0
15680,920.0,2310.0,790.0,2310.0,480.0,290.0,2520.0,1860.0,,1450.0,3850.0,3190.0,5240.0,710.0,930.0,220.0,1000.0,370.0,5830.0,1370.0,3310.0,5040.0
39460,1740.0,1830.0,1020.0,1050.0,420.0,140.0,2120.0,3830.0,60.0,2080.0,380.0,7440.0,170.0,1220.0,1340.0,350.0,2180.0,280.0,7040.0,2680.0,6120.0,1370.0
28420,2380.0,7070.0,5060.0,5150.0,1200.0,2430.0,4300.0,5430.0,2610.0,8410.0,1920.0,10190.0,5070.0,2590.0,3260.0,290.0,3130.0,1010.0,14940.0,6690.0,9420.0,4730.0
34980,21740.0,44230.0,70630.0,60160.0,9140.0,4380.0,39250.0,57780.0,390.0,77710.0,23290.0,91760.0,12540.0,19450.0,21970.0,5340.0,23570.0,13660.0,156370.0,28060.0,85640.0,45310.0
11460,7000.0,23650.0,11210.0,11480.0,2600.0,9740.0,5780.0,,**,8330.0,8090.0,16060.0,5870.0,2500.0,6210.0,960.0,5310.0,3000.0,30970.0,3240.0,18050.0,11080.0
11700,9240.0,10160.0,14900.0,5760.0,2680.0,1010.0,7120.0,16170.0,410.0,11400.0,1940.0,20880.0,2580.0,4110.0,4890.0,910.0,7120.0,1520.0,27120.0,5650.0,24240.0,5630.0
77200,23810.0,38980.0,36960.0,26700.0,11840.0,2870.0,18160.0,38570.0,160.0,29850.0,15170.0,58420.0,8380.0,14340.0,16260.0,3920.0,17670.0,7010.0,89310.0,19760.0,59290.0,27860.0
42100,2390.0,7550.0,4670.0,5300.0,2330.0,1240.0,2900.0,5040.0,850.0,3880.0,1910.0,10480.0,1140.0,1840.0,3190.0,350.0,3740.0,890.0,14740.0,3420.0,11320.0,3800.0
21340,8530.0,23660.0,14880.0,8060.0,3580.0,1120.0,11610.0,16460.0,340.0,21220.0,4320.0,36250.0,2590.0,11010.0,14000.0,1490.0,8770.0,2540.0,53450.0,11200.0,31780.0,10700.0
46520,14210.0,33800.0,11710.0,27910.0,7540.0,5040.0,17210.0,24670.0,280.0,30860.0,8140.0,43680.0,8210.0,15320.0,13910.0,3550.0,21340.0,7440.0,66720.0,24880.0,53880.0,22190.0
45220,4360.0,14560.0,3480.0,5750.0,2430.0,2240.0,5940.0,9610.0,440.0,6500.0,6290.0,16470.0,1810.0,5030.0,3730.0,3330.0,5510.0,2490.0,25260.0,5400.0,16570.0,16920.0
40420,5320.0,9140.0,22730.0,7430.0,1650.0,430.0,5400.0,10060.0,40.0,13450.0,1320.0,13730.0,2770.0,2630.0,3900.0,440.0,3450.0,1460.0,22160.0,3980.0,12210.0,4570.0
3900003,6760.0,8990.0,14750.0,5110.0,1890.0,750.0,6460.0,9100.0,250.0,12250.0,1120.0,13580.0,1380.0,2210.0,2370.0,390.0,4160.0,890.0,19260.0,7690.0,12940.0,3300.0
3900002,12770.0,20150.0,57170.0,11850.0,4340.0,1550.0,14500.0,18390.0,670.0,26780.0,2140.0,29450.0,4820.0,6230.0,8010.0,800.0,10340.0,3200.0,42630.0,14430.0,32340.0,7760.0
3900001,6820.0,14830.0,56000.0,9110.0,2370.0,810.0,12120.0,11930.0,480.0,23060.0,2920.0,18540.0,5830.0,3520.0,5420.0,690.0,6560.0,1850.0,31900.0,8770.0,21720.0,7690.0
27780,1910.0,3610.0,2880.0,1730.0,1740.0,220.0,2230.0,4690.0,40.0,3570.0,760.0,5430.0,800.0,1050.0,3030.0,190.0,1810.0,460.0,8850.0,2130.0,5020.0,1800.0
3000004,1810.0,4880.0,3600.0,2130.0,1640.0,1540.0,3470.0,4950.0,590.0,4000.0,950.0,7830.0,800.0,1170.0,2330.0,460.0,3280.0,940.0,10900.0,4340.0,8180.0,2710.0
39820,2200.0,4310.0,1910.0,2960.0,1400.0,1060.0,2650.0,4550.0,470.0,3410.0,600.0,7090.0,880.0,1460.0,2590.0,270.0,2100.0,400.0,10040.0,2480.0,6040.0,1780.0
31180,4260.0,9540.0,4900.0,4480.0,1910.0,990.0,6740.0,11300.0,610.0,9710.0,2320.0,16270.0,1350.0,2990.0,5730.0,1010.0,4110.0,1480.0,24410.0,4870.0,17050.0,4200.0
3000001,970.0,2670.0,1010.0,1120.0,600.0,560.0,2060.0,1730.0,120.0,2630.0,170.0,3180.0,470.0,550.0,1040.0,210.0,1450.0,350.0,4930.0,3140.0,3520.0,870.0
3000002,1110.0,2990.0,810.0,1240.0,670.0,440.0,1880.0,1850.0,160.0,2310.0,210.0,3150.0,310.0,1070.0,890.0,210.0,1760.0,350.0,5270.0,2930.0,3560.0,1050.0
3000003,3960.0,7720.0,5190.0,4610.0,2780.0,2540.0,5370.0,7700.0,620.0,6140.0,2760.0,14300.0,2480.0,1980.0,4280.0,1150.0,6340.0,1880.0,20440.0,7900.0,14970.0,6780.0
14500,3430.0,11660.0,8980.0,9210.0,2210.0,6320.0,4470.0,9130.0,390.0,6150.0,12860.0,18200.0,7430.0,2120.0,5490.0,1290.0,4540.0,4170.0,23060.0,4330.0,18280.0,12520.0
33124,29910.0,54460.0,42140.0,39370.0,11610.0,3810.0,43280.0,69440.0,2050.0,90730.0,22090.0,148800.0,10620.0,42100.0,30190.0,16930.0,39890.0,15580.0,209320.0,33560.0,108040.0,61800.0
16974,103170.0,217200.0,239730.0,276520.0,45100.0,21890.0,114330.0,203490.0,2710.0,290920.0,127940.0,361940.0,52790.0,102810.0,108370.0,33830.0,99590.0,47850.0,568170.0,96610.0,300700.0,222940.0
0200001,890.0,2430.0,1440.0,2070.0,810.0,950.0,1840.0,1550.0,180.0,2610.0,570.0,3140.0,510.0,830.0,1320.0,220.0,1090.0,420.0,5990.0,1640.0,2870.0,1810.0
0200002,1800.0,6780.0,6520.0,3560.0,1670.0,1440.0,4930.0,2930.0,230.0,5280.0,560.0,3640.0,1250.0,2130.0,2040.0,190.0,2840.0,480.0,10680.0,8120.0,4990.0,1650.0
12260,6830.0,14980.0,16560.0,9770.0,2290.0,1880.0,9670.0,18860.0,450.0,13610.0,2710.0,22410.0,5610.0,6620.0,4540.0,760.0,7420.0,1510.0,32300.0,7980.0,19530.0,7610.0
36740,26420.0,55000.0,37380.0,40430.0,9420.0,5190.0,45150.0,60650.0,1210.0,70960.0,31090.0,157690.0,15370.0,29870.0,43900.0,10260.0,57600.0,17750.0,192240.0,49520.0,149790.0,63000.0
42200,4240.0,12310.0,9290.0,10140.0,2650.0,2010.0,5550.0,8270.0,7530.0,8030.0,5040.0,18590.0,4510.0,3490.0,7210.0,800.0,7780.0,2710.0,26910.0,6680.0,20940.0,7630.0
41884,15950.0,45320.0,26560.0,85120.0,14590.0,21010.0,23690.0,42850.0,580.0,56110.0,89380.0,96240.0,22450.0,22060.0,30560.0,15700.0,38120.0,27640.0,152550.0,31560.0,105520.0,103570.0
23460,1790.0,1990.0,6460.0,810.0,510.0,60.0,1370.0,3270.0,100.0,2180.0,90.0,3900.0,220.0,780.0,1240.0,80.0,900.0,140.0,4710.0,1360.0,3350.0,650.0
45820,4880.0,6880.0,6280.0,5610.0,1830.0,860.0,4610.0,7350.0,270.0,6770.0,2980.0,8980.0,1470.0,3170.0,3470.0,1150.0,3930.0,1130.0,18480.0,4980.0,8730.0,6110.0
2100003,4400.0,12860.0,25300.0,8660.0,2720.0,1790.0,8040.0,10670.0,430.0,13350.0,2380.0,16220.0,2860.0,3440.0,4450.0,1210.0,4690.0,1240.0,24890.0,7180.0,17570.0,7180.0
47020,1770.0,2510.0,2300.0,1140.0,570.0,300.0,2220.0,3720.0,,2740.0,240.0,4850.0,450.0,690.0,940.0,110.0,1230.0,250.0,7190.0,3090.0,4300.0,970.0
4500004,1200.0,4510.0,7940.0,2500.0,780.0,220.0,2610.0,3150.0,380.0,3710.0,430.0,5080.0,1120.0,1300.0,1240.0,200.0,1720.0,210.0,6730.0,1540.0,4910.0,1380.0
2800004,2110.0,4800.0,5780.0,3130.0,890.0,550.0,3660.0,5340.0,1000.0,6870.0,560.0,7350.0,1380.0,2080.0,1990.0,310.0,2530.0,310.0,9970.0,2360.0,7370.0,1580.0
20500,11080.0,29230.0,13300.0,16920.0,4410.0,8740.0,8200.0,29160.0,300.0,10770.0,17370.0,22520.0,5950.0,5040.0,5830.0,1380.0,7590.0,4070.0,39640.0,5980.0,24910.0,20420.0
2800001,6800.0,16570.0,38860.0,10090.0,2210.0,1110.0,10430.0,14540.0,640.0,21290.0,1680.0,22820.0,2460.0,4790.0,3730.0,910.0,6210.0,1310.0,32460.0,6740.0,18780.0,4930.0
4500001,1580.0,2910.0,3990.0,1870.0,560.0,180.0,2740.0,3110.0,680.0,3260.0,260.0,5150.0,360.0,1210.0,1340.0,200.0,2230.0,180.0,7510.0,1560.0,5270.0,1080.0
4500002,2710.0,5030.0,15090.0,3440.0,880.0,450.0,3960.0,4370.0,200.0,4670.0,620.0,7540.0,2270.0,1640.0,1910.0,200.0,1880.0,590.0,11100.0,2990.0,6550.0,1650.0
4500003,1650.0,3030.0,6540.0,1540.0,920.0,130.0,2310.0,2410.0,380.0,5130.0,130.0,4340.0,480.0,1760.0,930.0,150.0,1260.0,140.0,5920.0,1670.0,3840.0,670.0
13140,3230.0,9000.0,15750.0,6260.0,1580.0,1650.0,8510.0,10070.0,250.0,10430.0,1380.0,17190.0,4690.0,4920.0,5780.0,870.0,4110.0,1090.0,23740.0,12130.0,14830.0,4910.0
26820,1940.0,3280.0,3550.0,3900.0,1070.0,1720.0,2510.0,3250.0,830.0,4000.0,1110.0,6950.0,1920.0,1450.0,2030.0,270.0,1770.0,830.0,8370.0,4170.0,5150.0,2310.0
19340,5170.0,10660.0,18990.0,10090.0,2300.0,1050.0,8480.0,9850.0,470.0,12740.0,4410.0,17560.0,3450.0,3760.0,4350.0,830.0,5200.0,1960.0,27020.0,6950.0,16750.0,8710.0
37340,7150.0,9270.0,9230.0,6970.0,1810.0,900.0,8480.0,13560.0,40.0,8810.0,9470.0,22930.0,8270.0,4890.0,5570.0,1040.0,6910.0,1710.0,32180.0,8570.0,22860.0,10060.0
48260,1740.0,2670.0,4150.0,1410.0,480.0,90.0,2130.0,3210.0,,3000.0,190.0,3760.0,590.0,740.0,1380.0,120.0,1370.0,230.0,5710.0,1480.0,3940.0,800.0
32420,530.0,2460.0,2080.0,830.0,310.0,190.0,830.0,2420.0,,1330.0,220.0,4520.0,130.0,1420.0,560.0,50.0,1100.0,140.0,5030.0,1020.0,2850.0,810.0
13380,2290.0,5830.0,6410.0,3430.0,1190.0,580.0,3260.0,4150.0,310.0,5250.0,1310.0,9190.0,1310.0,1470.0,2470.0,390.0,2860.0,1210.0,12250.0,4330.0,8870.0,3810.0
13220,1590.0,1990.0,1240.0,1650.0,750.0,420.0,2170.0,4400.0,50.0,3320.0,280.0,4980.0,350.0,1800.0,1750.0,390.0,1490.0,180.0,6530.0,1990.0,4510.0,1160.0
41100,2100.0,4850.0,2580.0,3210.0,1060.0,300.0,2570.0,3590.0,,3640.0,680.0,6590.0,470.0,860.0,2160.0,360.0,2690.0,710.0,9380.0,4260.0,6620.0,1500.0
24580,3920.0,9280.0,18520.0,7620.0,2050.0,1020.0,6930.0,9780.0,180.0,13850.0,4500.0,16790.0,2780.0,3500.0,6340.0,480.0,4200.0,2360.0,27330.0,6630.0,14260.0,8550.0
22020,3700.0,6860.0,7040.0,6550.0,1950.0,940.0,5450.0,9020.0,270.0,10040.0,4480.0,14340.0,2200.0,1850.0,6430.0,740.0,4650.0,1940.0,21620.0,7840.0,12130.0,7120.0
36780,2410.0,4410.0,14870.0,4610.0,1320.0,610.0,3590.0,4910.0,50.0,6250.0,2040.0,7420.0,2330.0,1870.0,3100.0,320.0,2140.0,970.0,13810.0,3760.0,6770.0,4320.0
74854,1960.0,3550.0,1860.0,2120.0,1040.0,100.0,1580.0,2400.0,,2660.0,310.0,5340.0,,900.0,2570.0,150.0,1270.0,530.0,6030.0,1650.0,4780.0,1130.0
10540,1480.0,3120.0,4580.0,1920.0,740.0,240.0,1870.0,1670.0,560.0,4580.0,290.0,3530.0,640.0,820.0,2280.0,80.0,1460.0,370.0,5910.0,1860.0,3610.0,1040.0
38060,46620.0,92420.0,86160.0,111460.0,28190.0,11190.0,74510.0,107250.0,3750.0,119760.0,76340.0,221480.0,35450.0,52380.0,65200.0,14910.0,55070.0,23350.0,343570.0,78310.0,179090.0,108850.0
18580,6650.0,11990.0,10650.0,6120.0,2100.0,1530.0,10840.0,11690.0,210.0,11170.0,1500.0,19230.0,4920.0,4530.0,7830.0,1380.0,5460.0,1400.0,27610.0,10990.0,21690.0,6380.0
33780,1370.0,2640.0,3870.0,1620.0,460.0,60.0,2590.0,1890.0,30.0,4130.0,250.0,3870.0,840.0,460.0,1170.0,90.0,1060.0,340.0,5600.0,1270.0,4430.0,1170.0
5600001,1320.0,3700.0,1540.0,1650.0,860.0,740.0,2090.0,2300.0,150.0,2860.0,300.0,3520.0,450.0,980.0,1280.0,180.0,1470.0,520.0,5260.0,3340.0,4030.0,1080.0
3700003,12100.0,18220.0,34360.0,7970.0,3390.0,1000.0,12150.0,15850.0,980.0,21650.0,2060.0,24090.0,2690.0,7190.0,7350.0,600.0,7940.0,1440.0,34660.0,9180.0,23920.0,6260.0
3700002,4460.0,7010.0,6360.0,2680.0,1310.0,470.0,5860.0,5430.0,960.0,7780.0,720.0,10730.0,550.0,3720.0,2120.0,380.0,4290.0,460.0,14080.0,2910.0,11090.0,2100.0
76600,1430.0,2840.0,2160.0,2620.0,940.0,320.0,1380.0,3180.0,**,1420.0,670.0,4270.0,910.0,820.0,1740.0,200.0,1290.0,590.0,5960.0,2030.0,3990.0,1700.0
13740,2040.0,3680.0,3340.0,2700.0,1920.0,590.0,4480.0,6430.0,330.0,6310.0,1230.0,10990.0,1680.0,1330.0,2970.0,700.0,3200.0,830.0,13810.0,4990.0,9250.0,3520.0
20020,2090.0,3350.0,4120.0,1810.0,410.0,180.0,2710.0,5190.0,490.0,4640.0,330.0,8010.0,550.0,1380.0,1350.0,210.0,1450.0,430.0,8860.0,1930.0,5160.0,1150.0
38660,880.0,6890.0,4890.0,2010.0,820.0,340.0,1950.0,4320.0,140.0,2890.0,580.0,8740.0,810.0,1330.0,1050.0,70.0,5180.0,260.0,10150.0,2240.0,5520.0,1290.0
2400001,1700.0,2820.0,3620.0,2350.0,880.0,410.0,2170.0,3010.0,260.0,3160.0,740.0,4510.0,400.0,660.0,1730.0,370.0,1650.0,390.0,7940.0,2000.0,4790.0,1630.0
2400002,390.0,560.0,500.0,460.0,180.0,50.0,580.0,530.0,60.0,810.0,80.0,1190.0,160.0,180.0,150.0,40.0,440.0,40.0,1860.0,780.0,1250.0,330.0
44100,3570.0,6240.0,2890.0,**,1940.0,560.0,3280.0,9550.0,70.0,4360.0,3080.0,9690.0,1340.0,2610.0,2450.0,990.0,2980.0,1060.0,21100.0,3770.0,10210.0,6870.0
11020,2370.0,2920.0,4730.0,1670.0,1440.0,200.0,2600.0,4730.0,,4590.0,650.0,6810.0,620.0,1000.0,2130.0,220.0,1630.0,530.0,9680.0,2450.0,5410.0,1690.0
19500,1540.0,2640.0,6280.0,2790.0,660.0,**,2570.0,3500.0,60.0,4470.0,390.0,4160.0,890.0,990.0,1100.0,170.0,1310.0,410.0,6260.0,2120.0,4800.0,1320.0
21820,700.0,2910.0,830.0,2000.0,940.0,1090.0,2090.0,1980.0,**,2240.0,550.0,3130.0,840.0,880.0,810.0,200.0,1690.0,320.0,6200.0,2890.0,3420.0,1340.0
29940,990.0,4770.0,2890.0,2340.0,530.0,340.0,1750.0,2250.0,,1940.0,1770.0,5220.0,960.0,910.0,2380.0,210.0,1550.0,960.0,7090.0,1380.0,7050.0,**
5600004,760.0,3890.0,2020.0,1560.0,690.0,790.0,2220.0,1900.0,100.0,2330.0,430.0,3260.0,640.0,1160.0,1260.0,180.0,1930.0,490.0,5040.0,3120.0,3630.0,950.0
39540,1980.0,4650.0,10890.0,2880.0,890.0,240.0,3000.0,3780.0,,6510.0,820.0,7510.0,1180.0,1970.0,3210.0,**,2230.0,740.0,10810.0,2210.0,6330.0,2420.0
41620,14160.0,33290.0,40980.0,44380.0,7610.0,5860.0,25400.0,35420.0,350.0,44690.0,26450.0,70250.0,13490.0,11420.0,16880.0,5860.0,18920.0,11640.0,132680.0,31330.0,48160.0,40220.0
3700004,4580.0,10050.0,9490.0,3720.0,2420.0,650.0,5470.0,6440.0,220.0,8240.0,1550.0,13660.0,990.0,3630.0,5250.0,390.0,5570.0,940.0,17830.0,5510.0,16140.0,3070.0
36220,1190.0,3570.0,5220.0,2310.0,510.0,300.0,4380.0,3180.0,,6330.0,410.0,7820.0,890.0,840.0,1400.0,260.0,1410.0,540.0,10130.0,8270.0,7290.0,1670.0
41740,33090.0,86160.0,67970.0,81820.0,17780.0,21620.0,42360.0,71210.0,2430.0,65050.0,49360.0,140650.0,41190.0,33790.0,47070.0,12530.0,46970.0,18610.0,215970.0,58880.0,149680.0,82950.0
25420,9010.0,17040.0,15600.0,13830.0,5750.0,2070.0,11820.0,20100.0,170.0,32240.0,12390.0,27740.0,4530.0,7190.0,10900.0,3230.0,8690.0,3550.0,58240.0,8390.0,25800.0,20840.0
4200001,4830.0,9670.0,15520.0,4490.0,4130.0,820.0,8000.0,9400.0,350.0,11020.0,1270.0,13200.0,2390.0,3680.0,6480.0,510.0,5220.0,1050.0,25060.0,9120.0,14600.0,3920.0
33874,30720.0,53590.0,59860.0,49570.0,14220.0,14270.0,39740.0,59480.0,1010.0,60140.0,45200.0,117800.0,19550.0,17400.0,43870.0,6590.0,30010.0,12150.0,171880.0,36410.0,77290.0,62300.0
4200002,4870.0,9480.0,19040.0,4970.0,3180.0,910.0,8750.0,9850.0,490.0,14490.0,1010.0,15170.0,2370.0,4200.0,5800.0,370.0,5210.0,790.0,23500.0,9520.0,13680.0,3720.0
29540,7650.0,10770.0,24740.0,8490.0,3720.0,1580.0,10750.0,13880.0,820.0,21500.0,3690.0,23740.0,3880.0,2320.0,7720.0,910.0,6520.0,2450.0,36730.0,12410.0,22050.0,7910.0
17420,1070.0,2940.0,**,1750.0,710.0,250.0,1690.0,2370.0,50.0,**,250.0,4180.0,690.0,650.0,870.0,80.0,1040.0,280.0,5770.0,1240.0,4510.0,820.0
42034,2390.0,7560.0,2670.0,7580.0,1690.0,1440.0,3700.0,5220.0,190.0,5010.0,3390.0,11970.0,1390.0,2750.0,5820.0,780.0,4370.0,2750.0,16550.0,5210.0,12210.0,6990.0
22140,1440.0,3420.0,2330.0,2090.0,630.0,380.0,3370.0,2380.0,190.0,3400.0,260.0,4820.0,670.0,1060.0,2270.0,120.0,1640.0,240.0,6950.0,5330.0,5360.0,1260.0
26980,2870.0,8280.0,5050.0,4700.0,1360.0,2060.0,2430.0,8050.0,120.0,6260.0,2360.0,7950.0,840.0,1430.0,3780.0,300.0,2730.0,1080.0,12950.0,3220.0,9340.0,3480.0
16060,1720.0,4740.0,3640.0,,680.0,320.0,1990.0,4740.0,,2440.0,580.0,5350.0,460.0,1280.0,940.0,240.0,1420.0,560.0,8570.0,2050.0,5620.0,
5600002,1340.0,4000.0,3240.0,2470.0,560.0,910.0,4410.0,2330.0,90.0,4770.0,430.0,5200.0,1520.0,1260.0,1900.0,230.0,3180.0,750.0,7430.0,7200.0,5920.0,1550.0
5600003,1010.0,3360.0,2300.0,1800.0,660.0,700.0,3690.0,2320.0,90.0,4840.0,270.0,4240.0,780.0,740.0,1040.0,220.0,1970.0,340.0,5890.0,6390.0,4050.0,1270.0
46140,13650.0,22140.0,39850.0,24390.0,5470.0,1980.0,22850.0,24230.0,320.0,27960.0,8440.0,48990.0,8920.0,8770.0,9700.0,3290.0,10470.0,3990.0,68490.0,20310.0,41010.0,17970.0
43524,17240.0,34520.0,12420.0,41540.0,8430.0,16570.0,17350.0,40770.0,**,20960.0,34370.0,53680.0,13910.0,11190.0,19010.0,5710.0,22090.0,9740.0,85180.0,22830.0,45980.0,47560.0
49660,9020.0,12940.0,19500.0,7750.0,4120.0,390.0,8890.0,15100.0,110.0,16500.0,1830.0,27100.0,2540.0,5840.0,5890.0,890.0,6520.0,1710.0,31820.0,7650.0,24410.0,6330.0
39900,4270.0,11830.0,10660.0,11350.0,2430.0,2880.0,8120.0,10640.0,180.0,18580.0,3480.0,22550.0,2500.0,4020.0,8710.0,1120.0,8690.0,2940.0,36220.0,11460.0,21840.0,8050.0
40380,14740.0,44490.0,33760.0,23770.0,10470.0,3230.0,18390.0,33160.0,370.0,25900.0,17390.0,52670.0,11200.0,10810.0,18330.0,3460.0,16440.0,7080.0,83910.0,16980.0,43070.0,22460.0
47664,38240.0,51470.0,120960.0,58620.0,10740.0,5560.0,44880.0,67040.0,430.0,63040.0,42400.0,134320.0,60120.0,17300.0,33860.0,11530.0,33420.0,18710.0,184040.0,38210.0,106210.0,65310.0
31020,1160.0,2330.0,3070.0,1400.0,680.0,330.0,2110.0,2010.0,580.0,3710.0,300.0,3700.0,400.0,480.0,950.0,150.0,1070.0,230.0,4730.0,1910.0,3480.0,970.0
40660,1460.0,2840.0,3760.0,1720.0,540.0,100.0,1610.0,3840.0,60.0,2720.0,370.0,3660.0,230.0,810.0,860.0,180.0,1020.0,240.0,5130.0,780.0,3600.0,930.0
48900,4800.0,7130.0,4880.0,4510.0,1500.0,1380.0,5270.0,8790.0,**,7460.0,1870.0,15040.0,1700.0,3210.0,3190.0,**,4800.0,1310.0,19490.0,5380.0,15990.0,4470.0
5100004,1920.0,5490.0,6290.0,1930.0,470.0,430.0,3360.0,2220.0,360.0,5390.0,710.0,6700.0,760.0,1580.0,2960.0,300.0,2530.0,630.0,9050.0,3160.0,6080.0,1910.0
21780,4760.0,6890.0,16250.0,7290.0,1920.0,1310.0,7540.0,11640.0,270.0,12900.0,2130.0,15670.0,2520.0,2610.0,4800.0,720.0,4300.0,1500.0,20640.0,7870.0,14410.0,5090.0
5100001,3320.0,8890.0,12690.0,3880.0,2870.0,510.0,5500.0,8300.0,270.0,9710.0,2100.0,12790.0,1070.0,5040.0,4450.0,550.0,3180.0,670.0,19730.0,6600.0,9760.0,3200.0
5100003,1300.0,3480.0,3770.0,1520.0,860.0,560.0,1850.0,2080.0,490.0,3270.0,2740.0,4910.0,2870.0,1450.0,1810.0,130.0,1670.0,330.0,6260.0,1760.0,3850.0,2500.0
5100002,4190.0,8570.0,10750.0,2870.0,1750.0,530.0,5080.0,6640.0,1020.0,9410.0,970.0,10410.0,780.0,4240.0,5080.0,340.0,3850.0,610.0,15200.0,3960.0,9120.0,2460.0
45460,1720.0,4080.0,8300.0,3200.0,770.0,330.0,3060.0,4670.0,120.0,3980.0,530.0,6660.0,780.0,2040.0,1770.0,360.0,1870.0,600.0,9370.0,2610.0,7640.0,1800.0
12100,4680.0,8920.0,2380.0,4560.0,2230.0,460.0,4630.0,7580.0,**,5700.0,2090.0,13750.0,970.0,4980.0,9640.0,760.0,6160.0,2140.0,15870.0,4580.0,18890.0,4690.0
14540,2040.0,4980.0,9740.0,3060.0,1080.0,330.0,3110.0,4640.0,50.0,5250.0,740.0,6950.0,1100.0,790.0,2130.0,400.0,2100.0,780.0,9770.0,2860.0,7870.0,2310.0
24500,1180.0,2410.0,1030.0,970.0,710.0,270.0,1950.0,2650.0,60.0,2050.0,630.0,4340.0,350.0,600.0,1200.0,280.0,1550.0,550.0,5310.0,2010.0,3900.0,1750.0
45540,920.0,,680.0,700.0,260.0,190.0,820.0,2020.0,**,1150.0,200.0,2980.0,200.0,1760.0,1250.0,80.0,860.0,170.0,3480.0,1500.0,4080.0,700.0
46700,3260.0,8260.0,7230.0,6570.0,2480.0,1580.0,5640.0,9100.0,360.0,8450.0,1850.0,15740.0,2100.0,3500.0,4740.0,340.0,3310.0,1050.0,17570.0,7290.0,12800.0,5570.0
72104,3820.0,7050.0,4880.0,3960.0,2300.0,290.0,2910.0,5650.0,**,6430.0,600.0,7640.0,600.0,2280.0,3100.0,380.0,2190.0,660.0,11940.0,3420.0,6200.0,2380.0
35100,1970.0,2690.0,3230.0,1200.0,510.0,230.0,2900.0,3180.0,140.0,2300.0,550.0,3880.0,1330.0,1280.0,1210.0,310.0,1210.0,220.0,6080.0,1650.0,4690.0,1940.0
43620,3540.0,5920.0,9880.0,4330.0,2420.0,690.0,5440.0,13630.0,170.0,10750.0,4430.0,17280.0,1450.0,2060.0,5540.0,690.0,5120.0,2240.0,24750.0,7020.0,13810.0,8160.0
46660,1150.0,3280.0,3000.0,2320.0,750.0,110.0,2420.0,3280.0,610.0,5100.0,1100.0,6370.0,200.0,1390.0,1900.0,230.0,1270.0,270.0,8100.0,1920.0,6190.0,1430.0
48620,8240.0,17870.0,31200.0,13150.0,3580.0,1070.0,13750.0,17330.0,290.0,17190.0,5960.0,27930.0,7020.0,5990.0,10020.0,1430.0,8160.0,3640.0,48020.0,14210.0,27970.0,12980.0
48540,2430.0,3340.0,2290.0,2280.0,1090.0,230.0,3060.0,5080.0,,4390.0,730.0,6710.0,470.0,1920.0,2090.0,540.0,2140.0,490.0,10440.0,4500.0,6590.0,1810.0
14010,1480.0,6480.0,3290.0,6860.0,1070.0,540.0,3100.0,4140.0,310.0,4440.0,4590.0,7700.0,600.0,1660.0,2400.0,1300.0,3120.0,1200.0,14480.0,2340.0,9900.0,9090.0
26300,1390.0,1600.0,1950.0,1520.0,660.0,110.0,1540.0,3160.0,30.0,1700.0,190.0,5460.0,250.0,770.0,1160.0,170.0,1460.0,220.0,5180.0,1410.0,4660.0,790.0
12540,6210.0,22960.0,12170.0,11270.0,4800.0,2770.0,12810.0,13390.0,40950.0,20640.0,4030.0,25850.0,7750.0,9820.0,5180.0,870.0,7500.0,1970.0,34340.0,15660.0,22890.0,10240.0
35084,38950.0,90000.0,54380.0,68460.0,18720.0,15050.0,39880.0,63310.0,620.0,93120.0,44280.0,112790.0,16960.0,33490.0,30630.0,12880.0,40320.0,12040.0,190410.0,33130.0,77830.0,70760.0
27180,2400.0,3440.0,7900.0,3020.0,1050.0,250.0,3110.0,5970.0,60.0,4980.0,440.0,6100.0,1650.0,970.0,2170.0,270.0,1410.0,290.0,9600.0,1950.0,5230.0,1510.0
44700,5660.0,17210.0,13960.0,9370.0,3360.0,1580.0,9140.0,12710.0,9880.0,28330.0,1790.0,21650.0,1640.0,5770.0,7550.0,830.0,6540.0,1260.0,36220.0,8110.0,18980.0,6290.0
27740,3380.0,5250.0,5390.0,3990.0,790.0,370.0,2830.0,8400.0,**,4350.0,1110.0,7920.0,830.0,1260.0,2690.0,300.0,1850.0,660.0,13710.0,1850.0,8330.0,2810.0
48300,1310.0,2880.0,1340.0,1450.0,510.0,610.0,1980.0,2820.0,1350.0,**,430.0,5180.0,480.0,850.0,920.0,190.0,1730.0,480.0,5670.0,2030.0,4850.0,1290.0
23060,6100.0,10570.0,26990.0,8740.0,3280.0,530.0,8860.0,14940.0,150.0,17400.0,4070.0,20220.0,3510.0,3260.0,5560.0,1010.0,6530.0,2530.0,31050.0,7620.0,20360.0,8670.0
42140,1550.0,3400.0,1290.0,3880.0,1260.0,770.0,1840.0,3000.0,40.0,2270.0,1290.0,7240.0,770.0,2210.0,3210.0,820.0,2300.0,1080.0,9450.0,2520.0,7560.0,3960.0
48424,19510.0,28250.0,17780.0,21690.0,6150.0,2490.0,24790.0,36680.0,2620.0,28700.0,12210.0,75990.0,7410.0,19080.0,16050.0,8310.0,27920.0,7480.0,101420.0,25170.0,67550.0,32240.0
4000004,4920.0,11190.0,13420.0,7630.0,3320.0,890.0,7800.0,9680.0,840.0,14370.0,1730.0,15310.0,1330.0,4940.0,6510.0,1170.0,5650.0,1160.0,25800.0,9330.0,16810.0,4620.0
41060,3240.0,5580.0,11770.0,4550.0,1380.0,340.0,4360.0,7190.0,150.0,7790.0,1730.0,11020.0,850.0,950.0,3820.0,470.0,3310.0,1030.0,15960.0,4720.0,8420.0,3870.0
30780,10410.0,17120.0,17840.0,19840.0,4290.0,2230.0,14340.0,28110.0,640.0,22440.0,10910.0,37330.0,4210.0,8150.0,10840.0,3030.0,10610.0,3100.0,54500.0,13420.0,30130.0,17310.0
10500,1260.0,4510.0,3190.0,2380.0,1060.0,200.0,3470.0,4600.0,310.0,4580.0,670.0,6500.0,670.0,2270.0,1680.0,250.0,1410.0,370.0,9550.0,2070.0,5050.0,2190.0
29340,3000.0,5260.0,8260.0,3590.0,870.0,820.0,6560.0,6190.0,40.0,7330.0,430.0,10400.0,2150.0,3260.0,4180.0,460.0,3340.0,390.0,12900.0,10560.0,10250.0,2250.0
7200002,80.0,1330.0,1180.0,470.0,100.0,,280.0,320.0,**,500.0,,1550.0,410.0,500.0,180.0,,570.0,40.0,1540.0,220.0,1510.0,180.0
7200001,70.0,520.0,1560.0,150.0,60.0,,290.0,230.0,,330.0,,350.0,100.0,70.0,110.0,,220.0,,700.0,470.0,380.0,80.0
2700002,1440.0,2930.0,2970.0,1900.0,1000.0,420.0,1910.0,2450.0,240.0,2780.0,240.0,4150.0,370.0,1070.0,2060.0,110.0,2000.0,290.0,5720.0,2240.0,4950.0,1110.0
2700003,5250.0,8000.0,14970.0,5540.0,2000.0,950.0,5130.0,7140.0,670.0,9650.0,1040.0,12910.0,1860.0,1710.0,6320.0,350.0,3560.0,790.0,15590.0,5490.0,10190.0,3650.0
44220,2080.0,3140.0,5590.0,1780.0,840.0,**,2120.0,3240.0,,4760.0,510.0,4200.0,380.0,620.0,1350.0,160.0,1380.0,240.0,7450.0,990.0,5270.0,1860.0
44060,7650.0,14260.0,12500.0,9620.0,4700.0,1470.0,8600.0,15420.0,340.0,14900.0,4200.0,25000.0,2710.0,4840.0,8410.0,1200.0,7960.0,3360.0,37520.0,9550.0,20810.0,10710.0
74804,5300.0,10140.0,9500.0,12550.0,2000.0,2020.0,5090.0,8030.0,130.0,10090.0,9510.0,12050.0,6260.0,3430.0,4360.0,640.0,4050.0,1400.0,19550.0,6790.0,11120.0,7320.0
73104,4250.0,10020.0,7340.0,13710.0,3680.0,2450.0,5430.0,8710.0,90.0,6630.0,15010.0,18860.0,7810.0,3080.0,4560.0,910.0,5060.0,2680.0,23660.0,7010.0,11810.0,11660.0
41540,4980.0,10310.0,10560.0,5340.0,2770.0,650.0,7230.0,10870.0,710.0,8930.0,1390.0,19260.0,980.0,3880.0,5440.0,850.0,6980.0,930.0,22930.0,5330.0,20890.0,3840.0
41660,1500.0,3170.0,2520.0,1420.0,560.0,340.0,2530.0,2970.0,100.0,2330.0,490.0,5420.0,480.0,1140.0,2090.0,210.0,1420.0,330.0,8460.0,2390.0,5480.0,1520.0
75550,2460.0,4470.0,6420.0,3030.0,2930.0,390.0,2100.0,4840.0,**,4160.0,560.0,6590.0,570.0,1330.0,2540.0,260.0,1540.0,480.0,8370.0,2530.0,6410.0,1650.0
14260,7420.0,15950.0,16310.0,17480.0,5160.0,2770.0,11600.0,16590.0,1910.0,15870.0,8840.0,30700.0,7450.0,5750.0,10710.0,2020.0,9660.0,4530.0,49990.0,15610.0,26160.0,13920.0
29460,5630.0,11950.0,14560.0,6390.0,1990.0,880.0,10840.0,12450.0,2360.0,21630.0,3240.0,24000.0,2160.0,4400.0,4660.0,1240.0,7340.0,1480.0,36010.0,10320.0,19490.0,8720.0
10180,3150.0,4540.0,2390.0,2030.0,920.0,380.0,2720.0,5040.0,170.0,3860.0,920.0,7150.0,710.0,1890.0,2460.0,320.0,1880.0,830.0,9770.0,3450.0,7150.0,2230.0
41140,1460.0,3040.0,7170.0,1840.0,980.0,460.0,2600.0,3360.0,360.0,4250.0,580.0,5470.0,530.0,1340.0,1690.0,180.0,1310.0,490.0,7390.0,1840.0,4810.0,1780.0
29740,2830.0,5970.0,2130.0,2990.0,1200.0,790.0,2370.0,3880.0,1390.0,2440.0,1820.0,6000.0,1980.0,2840.0,4310.0,300.0,2130.0,540.0,10930.0,3320.0,7300.0,2870.0
15940,7920.0,9440.0,17700.0,6180.0,2050.0,500.0,7170.0,12020.0,80.0,12180.0,2370.0,18000.0,1820.0,2760.0,4460.0,670.0,5160.0,1520.0,23550.0,7740.0,18170.0,4710.0
25180,2980.0,5960.0,4820.0,3720.0,2380.0,280.0,4160.0,7230.0,80.0,10970.0,2590.0,12030.0,980.0,3310.0,3010.0,680.0,2480.0,800.0,17810.0,3200.0,8680.0,3330.0
76450,3030.0,8280.0,6110.0,5980.0,2460.0,1460.0,4100.0,7070.0,**,5390.0,1910.0,13690.0,7170.0,3880.0,8040.0,460.0,4770.0,1640.0,17140.0,4350.0,15810.0,4200.0
43580,1870.0,4890.0,11020.0,3780.0,1370.0,370.0,4110.0,4660.0,330.0,8160.0,820.0,9460.0,640.0,1240.0,2240.0,320.0,2640.0,820.0,11390.0,4970.0,7740.0,2690.0
2000004,4970.0,10590.0,15240.0,5080.0,1800.0,670.0,5680.0,6890.0,440.0,8440.0,1020.0,10370.0,1810.0,2190.0,4050.0,330.0,3450.0,1270.0,17180.0,4810.0,9590.0,3170.0
0800003,1660.0,5720.0,2600.0,4560.0,1250.0,1090.0,6570.0,5010.0,370.0,5890.0,970.0,13810.0,1430.0,2650.0,4400.0,560.0,7940.0,2190.0,14560.0,11500.0,15540.0,4800.0
0800002,2390.0,5960.0,3640.0,3210.0,1880.0,1150.0,4760.0,5160.0,260.0,4400.0,720.0,11760.0,900.0,4260.0,4110.0,530.0,3930.0,1370.0,14210.0,7020.0,10670.0,3280.0
0800001,2220.0,5500.0,4070.0,2250.0,1930.0,600.0,3680.0,4040.0,1010.0,4730.0,450.0,6720.0,350.0,3210.0,1690.0,280.0,2420.0,440.0,10320.0,3240.0,5840.0,2110.0
30980,2940.0,5510.0,8500.0,3130.0,970.0,410.0,5230.0,5750.0,110.0,7010.0,730.0,9980.0,1540.0,2020.0,3130.0,410.0,2290.0,710.0,14560.0,10150.0,8440.0,2250.0
16020,1520.0,2670.0,3460.0,1720.0,920.0,140.0,1870.0,4050.0,70.0,2760.0,460.0,5100.0,170.0,540.0,1700.0,150.0,1440.0,530.0,6440.0,1450.0,4550.0,1130.0
24540,1730.0,6570.0,10320.0,3410.0,1240.0,490.0,4480.0,3830.0,560.0,8210.0,970.0,9530.0,1850.0,1810.0,2180.0,400.0,3160.0,850.0,12500.0,9880.0,8140.0,3930.0
16300,3660.0,8760.0,9640.0,9980.0,2120.0,590.0,6480.0,7080.0,140.0,12470.0,6030.0,12570.0,3480.0,2250.0,4130.0,900.0,3880.0,1830.0,21070.0,6460.0,11400.0,7410.0
15500,2600.0,4230.0,8390.0,2030.0,510.0,170.0,2390.0,4490.0,40.0,3310.0,630.0,7160.0,470.0,980.0,1610.0,120.0,1420.0,330.0,7940.0,2100.0,6910.0,1380.0
28020,4870.0,9000.0,14370.0,6330.0,2240.0,1920.0,4920.0,9680.0,200.0,8610.0,2190.0,13810.0,2510.0,2030.0,3490.0,670.0,4060.0,1560.0,20180.0,4640.0,14000.0,5360.0
14740,2930.0,5170.0,4050.0,2940.0,1200.0,1040.0,5770.0,4190.0,70.0,4200.0,1560.0,8420.0,4180.0,1660.0,2290.0,420.0,2490.0,830.0,10530.0,5900.0,9360.0,4630.0
1900001,3940.0,7630.0,12910.0,4490.0,1600.0,560.0,4840.0,5520.0,540.0,7630.0,960.0,9600.0,1020.0,1250.0,3400.0,200.0,2830.0,1160.0,13760.0,5440.0,9080.0,2740.0
11100,3020.0,7750.0,8170.0,3510.0,1510.0,590.0,5960.0,7510.0,450.0,7760.0,1530.0,13950.0,1670.0,3880.0,3350.0,600.0,3830.0,1310.0,18070.0,4940.0,11980.0,4080.0
24660,11460.0,18600.0,42150.0,14580.0,2980.0,1970.0,16120.0,18280.0,180.0,33700.0,6550.0,35720.0,4790.0,8060.0,9050.0,1180.0,11380.0,3020.0,59200.0,11670.0,30700.0,15540.0
1900004,6700.0,14470.0,39320.0,11430.0,2890.0,1230.0,11320.0,11700.0,1090.0,19350.0,2670.0,19950.0,3410.0,3120.0,5820.0,760.0,7120.0,2540.0,29080.0,10160.0,18460.0,6440.0
3700001,12630.0,18690.0,34030.0,7350.0,3350.0,1130.0,11930.0,14190.0,2680.0,21100.0,2340.0,23020.0,2020.0,7400.0,6290.0,600.0,7680.0,1180.0,32580.0,9320.0,22190.0,6340.0
37100,7210.0,20370.0,20030.0,16560.0,4090.0,4190.0,10000.0,14410.0,5810.0,16200.0,7240.0,34420.0,7190.0,4800.0,9380.0,1820.0,8710.0,3690.0,45210.0,11190.0,30970.0,16460.0
49020,1860.0,3800.0,4340.0,1940.0,840.0,270.0,2610.0,4010.0,40.0,5100.0,760.0,6400.0,520.0,930.0,1920.0,230.0,1980.0,280.0,9050.0,2220.0,5090.0,2450.0
43100,1020.0,2610.0,11580.0,2580.0,640.0,490.0,2470.0,2410.0,,4440.0,1090.0,4330.0,1910.0,760.0,2780.0,170.0,1950.0,470.0,7900.0,1710.0,5210.0,2340.0
15380,15760.0,41680.0,35540.0,23210.0,10270.0,4650.0,19450.0,34950.0,100.0,30870.0,12630.0,60020.0,7250.0,14920.0,19870.0,4370.0,18210.0,5570.0,92780.0,20140.0,52460.0,23920.0
1900003,2950.0,6030.0,10130.0,3770.0,1190.0,450.0,3760.0,5170.0,730.0,8540.0,700.0,7940.0,560.0,920.0,3040.0,300.0,2570.0,670.0,12940.0,3540.0,6610.0,2130.0
15980,8510.0,10880.0,6470.0,7370.0,2140.0,930.0,11770.0,15980.0,1250.0,13270.0,2860.0,36530.0,2020.0,5710.0,7620.0,1670.0,11910.0,3030.0,39990.0,18190.0,33510.0,8580.0
1900002,4120.0,9930.0,19580.0,7320.0,1660.0,1350.0,7400.0,7160.0,1400.0,11430.0,870.0,13520.0,1420.0,1490.0,4430.0,400.0,4680.0,1320.0,18320.0,6920.0,10070.0,3920.0
17020,2670.0,6550.0,3330.0,3260.0,2070.0,500.0,2760.0,5590.0,730.0,3290.0,1320.0,7620.0,610.0,1270.0,3370.0,400.0,2890.0,800.0,11140.0,2700.0,8640.0,2350.0
13780,3070.0,9420.0,6030.0,4190.0,1960.0,470.0,3610.0,6750.0,50.0,7210.0,2250.0,9700.0,2040.0,2140.0,4040.0,540.0,4410.0,1120.0,16400.0,3770.0,9150.0,3480.0
17780,2030.0,11760.0,,3170.0,1270.0,2630.0,3690.0,5610.0,**,4860.0,2350.0,9880.0,1850.0,2170.0,2490.0,290.0,3120.0,1060.0,21210.0,4840.0,11440.0,3330.0
12420,20030.0,58570.0,35280.0,41370.0,10960.0,9080.0,30340.0,44240.0,1170.0,40530.0,58880.0,108980.0,24480.0,20480.0,28240.0,10290.0,28620.0,16370.0,174130.0,40400.0,103130.0,59540.0
1700003,3760.0,8250.0,15410.0,6170.0,1480.0,480.0,5430.0,7110.0,380.0,10650.0,930.0,10400.0,1700.0,2590.0,2400.0,360.0,3630.0,550.0,17380.0,5010.0,10830.0,3070.0
16940,1070.0,3050.0,1120.0,2180.0,770.0,590.0,2090.0,2910.0,40.0,4070.0,900.0,4540.0,740.0,950.0,1310.0,540.0,1750.0,550.0,7010.0,3110.0,3730.0,2420.0
27060,950.0,8320.0,2020.0,2490.0,1330.0,1910.0,1660.0,2260.0,190.0,1540.0,1720.0,3740.0,920.0,710.0,1690.0,310.0,2230.0,860.0,7660.0,1330.0,4790.0,1950.0
4700002,2790.0,7630.0,21160.0,5690.0,950.0,340.0,4710.0,5440.0,420.0,9400.0,750.0,9080.0,2510.0,2520.0,1660.0,240.0,2140.0,590.0,15250.0,2580.0,8840.0,2730.0
12580,38470.0,82360.0,41460.0,74430.0,23440.0,16110.0,47540.0,92230.0,1290.0,88950.0,62290.0,137130.0,26880.0,40800.0,39550.0,14940.0,40480.0,15080.0,213660.0,56250.0,106570.0,83420.0
17140,32060.0,57210.0,79890.0,53700.0,12380.0,8250.0,39710.0,66930.0,340.0,77120.0,32170.0,102320.0,20000.0,22190.0,27510.0,5980.0,30160.0,12170.0,165070.0,34770.0,101380.0,61250.0
38940,4770.0,7650.0,5790.0,3950.0,1960.0,780.0,6270.0,10730.0,560.0,8230.0,1150.0,17790.0,1380.0,2590.0,4470.0,1050.0,6900.0,1070.0,21550.0,7240.0,15830.0,5100.0
15180,9400.0,12690.0,5340.0,3410.0,1970.0,380.0,4580.0,7680.0,140.0,7400.0,700.0,14030.0,700.0,4710.0,16610.0,530.0,4270.0,890.0,23100.0,2450.0,13610.0,3060.0
16860,6470.0,11630.0,21720.0,13820.0,2500.0,1090.0,10900.0,16520.0,510.0,19530.0,4520.0,24470.0,4270.0,4830.0,6030.0,1300.0,7290.0,2210.0,39410.0,7150.0,22370.0,8950.0
5300001,1280.0,3520.0,2080.0,1900.0,760.0,550.0,2160.0,2880.0,350.0,2610.0,560.0,5210.0,500.0,1590.0,1950.0,250.0,2210.0,590.0,7380.0,3060.0,6600.0,1720.0
24020,1660.0,4040.0,3710.0,1970.0,960.0,190.0,2440.0,3630.0,60.0,2570.0,520.0,5480.0,490.0,1790.0,2720.0,260.0,2060.0,520.0,8020.0,2190.0,4890.0,1340.0
4200003,7110.0,10550.0,22830.0,5210.0,4000.0,840.0,8970.0,10770.0,690.0,19710.0,1230.0,16710.0,1900.0,5400.0,7190.0,470.0,5720.0,1250.0,27810.0,9180.0,17280.0,4380.0
79600,9360.0,21240.0,18640.0,16590.0,9030.0,3100.0,9720.0,20310.0,200.0,19100.0,5870.0,24250.0,4000.0,5840.0,10710.0,1140.0,7480.0,3170.0,44120.0,7960.0,21860.0,13720.0
45104,9030.0,17990.0,14700.0,11070.0,5890.0,1860.0,12740.0,18050.0,470.0,24430.0,4270.0,28670.0,2900.0,7230.0,9440.0,1890.0,10070.0,2760.0,43380.0,15250.0,30190.0,13350.0
4900002,500.0,2310.0,1090.0,1000.0,440.0,360.0,1110.0,880.0,120.0,1900.0,100.0,1650.0,310.0,780.0,430.0,50.0,900.0,100.0,2610.0,1330.0,2020.0,380.0
35614,300060.0,469530.0,188060.0,374140.0,119940.0,46130.0,195470.0,353680.0,1070.0,386390.0,218450.0,686220.0,64400.0,222790.0,249460.0,82860.0,217610.0,173710.0,1077490.0,211220.0,505400.0,442410.0
46060,9920.0,22240.0,11490.0,18650.0,7860.0,4100.0,14460.0,23900.0,420.0,16520.0,11530.0,35970.0,7620.0,11970.0,17480.0,2360.0,11280.0,4680.0,60970.0,13380.0,36690.0,15070.0
33460,50460.0,108390.0,135150.0,125970.0,34090.0,17220.0,58730.0,105520.0,1190.0,114630.0,82440.0,187750.0,42510.0,29160.0,89250.0,15500.0,52620.0,28500.0,278610.0,60630.0,157860.0,134070.0
31084,96130.0,253950.0,265070.0,229980.0,67940.0,34870.0,126370.0,213860.0,3550.0,313650.0,106620.0,427530.0,62890.0,113200.0,133490.0,39040.0,102760.0,162160.0,719140.0,107310.0,398170.0,242870.0
10780,2360.0,3580.0,3990.0,2450.0,1160.0,460.0,2700.0,5960.0,240.0,3680.0,350.0,7230.0,600.0,2080.0,3250.0,300.0,2020.0,250.0,8910.0,2550.0,4990.0,2000.0
34620,1460.0,3580.0,3420.0,2380.0,740.0,80.0,1530.0,3370.0,,2520.0,1010.0,5070.0,270.0,630.0,1330.0,180.0,1440.0,790.0,6840.0,1320.0,5540.0,1400.0
27980,1720.0,3050.0,1770.0,3870.0,1140.0,390.0,3010.0,2220.0,200.0,4770.0,400.0,8780.0,450.0,2100.0,2720.0,210.0,6490.0,900.0,9950.0,3440.0,13410.0,1790.0
34740,2360.0,3270.0,9210.0,2200.0,1000.0,180.0,2460.0,4180.0,**,3020.0,390.0,8740.0,1400.0,1230.0,1620.0,180.0,1560.0,400.0,8130.0,1850.0,6430.0,1490.0
10420,10940.0,20680.0,27060.0,16610.0,5140.0,1960.0,12910.0,22460.0,230.0,21510.0,7820.0,34210.0,5900.0,6600.0,8220.0,2190.0,9630.0,3620.0,52890.0,9970.0,30750.0,16050.0
20100,2130.0,4780.0,3450.0,2230.0,1250.0,**,2530.0,3980.0,**,4980.0,930.0,6670.0,760.0,2110.0,2580.0,490.0,2010.0,540.0,9960.0,1960.0,6750.0,2670.0
26420,64190.0,172810.0,185140.0,128130.0,22880.0,30710.0,126020.0,153680.0,2670.0,213330.0,80780.0,301200.0,87500.0,70660.0,81740.0,23610.0,84660.0,29480.0,467890.0,176410.0,276520.0,154980.0
3300001,1140.0,2660.0,2160.0,1560.0,750.0,180.0,1590.0,2290.0,150.0,2010.0,210.0,4840.0,170.0,960.0,1470.0,100.0,1710.0,360.0,5840.0,1680.0,4580.0,710.0
3300003,1780.0,5970.0,5410.0,3640.0,710.0,1150.0,2170.0,6160.0,110.0,2820.0,1350.0,5810.0,1230.0,750.0,1820.0,130.0,2880.0,1060.0,9590.0,2040.0,5740.0,1940.0
3300002,3290.0,6100.0,5110.0,5470.0,1520.0,770.0,4110.0,6520.0,100.0,5410.0,1580.0,10700.0,1480.0,2310.0,5130.0,870.0,3540.0,920.0,15750.0,3010.0,8260.0,4730.0
13980,1260.0,8120.0,8740.0,2170.0,1290.0,1000.0,2860.0,3370.0,140.0,3550.0,1460.0,6470.0,1150.0,1490.0,2040.0,230.0,2050.0,760.0,9340.0,2270.0,6970.0,2560.0
3300004,710.0,3250.0,3660.0,2060.0,600.0,150.0,1470.0,2270.0,40.0,2250.0,610.0,4250.0,650.0,750.0,1340.0,110.0,1290.0,780.0,6310.0,1840.0,3260.0,1320.0
1300004,5450.0,14480.0,21400.0,7550.0,2430.0,990.0,9340.0,11940.0,2770.0,17240.0,1430.0,18120.0,2420.0,6760.0,2560.0,620.0,5200.0,780.0,27320.0,7620.0,14800.0,4850.0
32820,14890.0,30830.0,39810.0,34020.0,6540.0,3360.0,24470.0,42250.0,610.0,91560.0,9540.0,60270.0,5780.0,19990.0,17260.0,3150.0,18200.0,4320.0,102050.0,19720.0,52000.0,23230.0
31740,1260.0,3730.0,2050.0,1840.0,420.0,430.0,1590.0,1930.0,110.0,1630.0,630.0,3580.0,460.0,530.0,1500.0,130.0,1450.0,660.0,5780.0,1840.0,4630.0,1650.0
33140,960.0,2310.0,5100.0,1690.0,590.0,70.0,1680.0,2140.0,,3080.0,240.0,4540.0,420.0,1870.0,950.0,110.0,1320.0,250.0,5500.0,1650.0,4720.0,1080.0
1800002,5320.0,10600.0,27950.0,6350.0,1990.0,370.0,7270.0,8940.0,360.0,15280.0,1170.0,14560.0,1880.0,2850.0,3990.0,360.0,5230.0,1050.0,20220.0,4290.0,15150.0,3760.0
1800003,4650.0,9520.0,35950.0,7860.0,1540.0,860.0,9400.0,9740.0,540.0,17180.0,1730.0,14550.0,5000.0,3130.0,3960.0,530.0,6320.0,1290.0,22810.0,8250.0,15730.0,6550.0
1800001,4150.0,12180.0,54970.0,10000.0,2390.0,600.0,10810.0,8070.0,680.0,17320.0,1560.0,17230.0,3600.0,3380.0,4800.0,600.0,6110.0,1390.0,25810.0,6780.0,17590.0,5390.0
3100004,1740.0,3200.0,6390.0,1670.0,800.0,,2130.0,2640.0,380.0,3830.0,260.0,4320.0,420.0,1020.0,1490.0,110.0,1440.0,290.0,5830.0,1920.0,4030.0,1260.0
3100003,2830.0,6480.0,13160.0,3340.0,1330.0,620.0,4850.0,5440.0,700.0,8100.0,600.0,8850.0,880.0,900.0,2390.0,170.0,2850.0,620.0,13510.0,4430.0,7520.0,2520.0
3100002,3300.0,7930.0,10530.0,3790.0,1620.0,920.0,5120.0,7400.0,960.0,8290.0,900.0,11820.0,870.0,1440.0,2540.0,420.0,3840.0,1010.0,16850.0,5490.0,9760.0,2580.0
3100001,1570.0,3370.0,1660.0,1680.0,550.0,280.0,2350.0,3130.0,520.0,3160.0,190.0,5550.0,230.0,510.0,810.0,120.0,1330.0,440.0,6740.0,1760.0,4100.0,1150.0
38900,28620.0,64270.0,71850.0,77460.0,20220.0,10950.0,36100.0,62020.0,3690.0,69600.0,43130.0,113160.0,35940.0,19510.0,37610.0,8060.0,30630.0,20480.0,165690.0,48060.0,102770.0,63530.0
34100,1060.0,2570.0,7320.0,1850.0,430.0,90.0,2070.0,2650.0,30.0,3930.0,400.0,4050.0,890.0,880.0,650.0,60.0,1000.0,250.0,5730.0,1590.0,4160.0,720.0
35660,1610.0,2950.0,8040.0,2830.0,770.0,190.0,2530.0,3340.0,80.0,2940.0,780.0,6000.0,2470.0,1460.0,1590.0,250.0,1800.0,730.0,9640.0,1440.0,7040.0,2700.0
22420,5670.0,8200.0,10500.0,5510.0,1800.0,530.0,5380.0,11790.0,50.0,7980.0,2430.0,14750.0,1730.0,3740.0,4650.0,540.0,4140.0,1290.0,20910.0,4000.0,14280.0,4970.0
73050,1460.0,5210.0,3920.0,2400.0,610.0,300.0,1840.0,3090.0,70.0,2590.0,2250.0,4700.0,730.0,900.0,1580.0,130.0,1750.0,490.0,8380.0,1260.0,5070.0,2380.0
40900,19700.0,55970.0,31890.0,50320.0,14590.0,12980.0,30000.0,49760.0,3120.0,52970.0,34550.0,87990.0,19310.0,24290.0,33040.0,8180.0,27180.0,9810.0,151450.0,39970.0,82080.0,73830.0
30460,7710.0,15720.0,27650.0,13200.0,3260.0,2600.0,10910.0,20450.0,1610.0,21130.0,4950.0,25730.0,4980.0,6100.0,8230.0,1390.0,7990.0,3140.0,39590.0,8590.0,25460.0,9390.0
4600003,1600.0,5460.0,1970.0,1730.0,1280.0,960.0,2340.0,3410.0,620.0,3820.0,810.0,6760.0,630.0,1390.0,2400.0,250.0,3290.0,580.0,9030.0,3630.0,6320.0,2660.0
4600002,3640.0,9080.0,16410.0,3380.0,1600.0,1590.0,5450.0,7140.0,740.0,10340.0,1410.0,13860.0,1740.0,1650.0,4080.0,370.0,5000.0,1680.0,18370.0,6630.0,13180.0,4690.0
11500,910.0,2330.0,5800.0,1160.0,390.0,150.0,2460.0,2780.0,,3140.0,350.0,4600.0,430.0,1060.0,870.0,120.0,1120.0,500.0,6310.0,1050.0,4360.0,1240.0
29700,2350.0,7750.0,1260.0,2990.0,970.0,180.0,3470.0,3310.0,,11370.0,700.0,10710.0,480.0,4570.0,7590.0,310.0,2370.0,740.0,20990.0,2370.0,10070.0,3070.0
73450,18230.0,43950.0,35190.0,42060.0,13490.0,3850.0,17300.0,36820.0,370.0,30420.0,21190.0,50790.0,12560.0,11370.0,18730.0,6010.0,17400.0,8850.0,93450.0,18060.0,42810.0,37550.0
33700,5120.0,13590.0,12570.0,7290.0,3550.0,1010.0,6690.0,10680.0,6360.0,15840.0,1570.0,18770.0,1180.0,2610.0,4900.0,710.0,4690.0,1320.0,26540.0,6670.0,16390.0,4340.0
36140,1870.0,2510.0,820.0,1090.0,710.0,140.0,1520.0,2020.0,60.0,1510.0,190.0,4610.0,140.0,1150.0,1620.0,180.0,2400.0,360.0,6380.0,2010.0,6300.0,850.0
41180,39900.0,76380.0,79100.0,66660.0,19010.0,9560.0,50270.0,88280.0,1090.0,81900.0,46000.0,136350.0,21420.0,28650.0,48880.0,9670.0,42750.0,18320.0,222240.0,51930.0,133050.0,73690.0
33660,4670.0,7760.0,14470.0,6640.0,1780.0,900.0,9340.0,12670.0,60.0,13520.0,2440.0,20070.0,3680.0,3240.0,4420.0,1130.0,5710.0,1510.0,28460.0,10170.0,15070.0,5400.0
29100,2450.0,4430.0,5510.0,2660.0,1450.0,620.0,2960.0,6790.0,,5440.0,1240.0,7880.0,700.0,940.0,2980.0,290.0,2150.0,880.0,11060.0,2180.0,7330.0,2530.0
44300,1310.0,6860.0,2800.0,2870.0,1080.0,570.0,3220.0,3810.0,180.0,3330.0,2580.0,6440.0,1620.0,1470.0,2150.0,270.0,2230.0,720.0,12200.0,2880.0,6900.0,2890.0
30860,1530.0,4710.0,6580.0,3060.0,850.0,720.0,2150.0,2370.0,100.0,2880.0,1280.0,5120.0,1200.0,590.0,1430.0,190.0,1450.0,630.0,9230.0,2270.0,4080.0,1510.0
4400001,,,,,,,40.0,,,,,40.0,,,,,80.0,,70.0,30.0,140.0,
16180,780.0,1600.0,1670.0,1590.0,440.0,460.0,1140.0,1800.0,,920.0,800.0,2380.0,690.0,930.0,930.0,370.0,740.0,220.0,5190.0,740.0,2480.0,1940.0
24340,15810.0,28230.0,81820.0,24970.0,8030.0,1880.0,21510.0,32150.0,680.0,51720.0,9430.0,51850.0,13480.0,7140.0,14200.0,2150.0,18270.0,9590.0,77070.0,16770.0,43380.0,22240.0
48700,1310.0,3080.0,5450.0,1590.0,970.0,310.0,2360.0,3400.0,90.0,3710.0,440.0,5630.0,800.0,1110.0,2310.0,320.0,1400.0,290.0,7880.0,2630.0,4740.0,1500.0
16220,1110.0,2230.0,2400.0,1700.0,560.0,470.0,2510.0,2530.0,,2810.0,320.0,4560.0,720.0,900.0,1320.0,240.0,1360.0,410.0,5500.0,3950.0,3810.0,1200.0
25020,130.0,1390.0,1120.0,480.0,150.0,140.0,390.0,700.0,,440.0,40.0,1580.0,250.0,800.0,170.0,,440.0,,1490.0,310.0,790.0,200.0
24220,1600.0,3720.0,2390.0,2320.0,800.0,470.0,2110.0,3400.0,160.0,3770.0,540.0,5400.0,820.0,570.0,2270.0,210.0,2260.0,720.0,6740.0,2800.0,5440.0,1620.0
5500001,1110.0,3360.0,6880.0,1770.0,680.0,560.0,2330.0,2440.0,340.0,3830.0,420.0,4460.0,790.0,1140.0,1680.0,150.0,1800.0,230.0,6700.0,1910.0,4750.0,1230.0
5500003,5120.0,12940.0,33540.0,8150.0,2130.0,1150.0,9420.0,9400.0,850.0,17080.0,1840.0,19890.0,3270.0,5810.0,7530.0,510.0,6800.0,1900.0,27760.0,7320.0,20410.0,5670.0
5500002,5600.0,10850.0,26750.0,8190.0,2560.0,1500.0,9200.0,10790.0,730.0,16040.0,2960.0,19080.0,2670.0,4070.0,7090.0,550.0,6190.0,1630.0,30710.0,7790.0,19760.0,7770.0
5500004,4190.0,9510.0,21530.0,4880.0,1960.0,780.0,6890.0,7820.0,600.0,16040.0,1020.0,11200.0,1880.0,3630.0,3720.0,310.0,3340.0,900.0,18130.0,5760.0,11630.0,4260.0
29820,17240.0,34910.0,25430.0,42310.0,7930.0,3370.0,31240.0,40630.0,200.0,66420.0,12810.0,105940.0,7530.0,32910.0,60750.0,6560.0,59620.0,15910.0,143400.0,42120.0,146660.0,31490.0
29420,1600.0,2210.0,2450.0,2150.0,560.0,220.0,2840.0,3500.0,,2770.0,330.0,5890.0,300.0,2190.0,1230.0,270.0,1810.0,230.0,7660.0,1960.0,5440.0,1040.0
45780,11330.0,17950.0,35140.0,11940.0,5110.0,1560.0,12930.0,22850.0,160.0,25170.0,3630.0,27820.0,4490.0,6310.0,6460.0,1300.0,9190.0,3290.0,43750.0,11120.0,29390.0,10060.0
3200002,540.0,2270.0,1740.0,1860.0,360.0,1000.0,4210.0,1250.0,120.0,3350.0,200.0,3210.0,860.0,1360.0,1410.0,140.0,1950.0,180.0,4870.0,6770.0,4030.0,830.0
78700,2750.0,6690.0,6030.0,3700.0,2100.0,190.0,2350.0,4910.0,**,4180.0,590.0,6910.0,500.0,1300.0,2860.0,500.0,1750.0,560.0,10250.0,2270.0,5940.0,1950.0
3200001,840.0,2910.0,3580.0,2470.0,650.0,680.0,3170.0,1830.0,120.0,2790.0,620.0,4770.0,970.0,1560.0,2670.0,240.0,2430.0,300.0,7730.0,2830.0,6240.0,1430.0
34060,**,5450.0,3250.0,3100.0,870.0,820.0,3410.0,6970.0,100.0,3610.0,1340.0,5340.0,980.0,1510.0,1510.0,520.0,2100.0,590.0,8700.0,2630.0,6730.0,2060.0
23104,23080.0,57530.0,67260.0,34900.0,8630.0,4870.0,44560.0,54760.0,610.0,89370.0,22220.0,106340.0,16520.0,22290.0,32450.0,5760.0,25360.0,9590.0,171760.0,45740.0,97050.0,39960.0
16820,2920.0,10550.0,2370.0,4490.0,1660.0,2000.0,3180.0,9630.0,490.0,4340.0,3830.0,10510.0,1470.0,3560.0,3810.0,780.0,3750.0,2020.0,15500.0,4810.0,10140.0,6440.0
27620,2780.0,3090.0,5000.0,3850.0,1560.0,670.0,3320.0,3950.0,100.0,3800.0,2570.0,5450.0,1080.0,2740.0,1930.0,840.0,1990.0,970.0,13600.0,2820.0,5430.0,4610.0
37860,5340.0,10280.0,6300.0,4570.0,2220.0,780.0,7810.0,12420.0,110.0,7420.0,2870.0,19860.0,1910.0,4910.0,4140.0,1500.0,5710.0,1350.0,30900.0,7780.0,20100.0,7120.0
47580,1680.0,5240.0,5450.0,2490.0,570.0,240.0,4990.0,3490.0,100.0,4450.0,1600.0,5830.0,2820.0,1410.0,1240.0,160.0,1850.0,470.0,8420.0,2940.0,6930.0,6430.0
36084,25230.0,72300.0,62550.0,70060.0,16000.0,18590.0,35380.0,56660.0,560.0,64900.0,42610.0,105060.0,28190.0,20540.0,35250.0,7900.0,30490.0,16560.0,163200.0,52730.0,92580.0,67010.0
21140,1660.0,4540.0,45530.0,5330.0,980.0,240.0,5850.0,4350.0,110.0,9980.0,1030.0,8990.0,1850.0,1210.0,1820.0,460.0,2240.0,770.0,15650.0,3470.0,7290.0,3390.0
42700,1310.0,1620.0,590.0,550.0,250.0,110.0,900.0,2180.0,1070.0,1120.0,220.0,3470.0,100.0,480.0,840.0,80.0,960.0,150.0,4720.0,980.0,2710.0,630.0
40340,5710.0,5670.0,6280.0,5290.0,1940.0,1380.0,3570.0,19940.0,120.0,6400.0,4150.0,8450.0,1700.0,1250.0,4440.0,380.0,3170.0,1320.0,15390.0,4040.0,9900.0,4130.0
74204,3610.0,5530.0,5690.0,4740.0,1650.0,340.0,2370.0,7200.0,,3380.0,1870.0,10290.0,1410.0,1500.0,3400.0,260.0,2180.0,730.0,12160.0,2340.0,6700.0,2440.0
13460,1930.0,4030.0,3360.0,4140.0,1340.0,850.0,2490.0,4920.0,180.0,3880.0,1270.0,9070.0,880.0,1050.0,3000.0,460.0,3160.0,990.0,12490.0,4260.0,8900.0,2440.0
24860,10980.0,21840.0,55930.0,17470.0,3910.0,1380.0,16840.0,22940.0,240.0,29770.0,7100.0,41530.0,8480.0,7210.0,9600.0,2070.0,12490.0,3840.0,58490.0,13090.0,36290.0,14650.0
40580,2350.0,3310.0,7140.0,1750.0,640.0,320.0,2380.0,3400.0,340.0,4130.0,380.0,5730.0,1360.0,1500.0,1790.0,160.0,1240.0,150.0,7940.0,1550.0,5570.0,1350.0
31140,16140.0,28320.0,67460.0,29690.0,7490.0,2240.0,27070.0,43300.0,700.0,66340.0,13860.0,61530.0,7620.0,13140.0,19540.0,3540.0,16610.0,6730.0,102630.0,22400.0,59980.0,27520.0
11640,740.0,3390.0,2440.0,920.0,510.0,110.0,820.0,2220.0,,1300.0,210.0,4400.0,220.0,520.0,360.0,50.0,960.0,80.0,4710.0,670.0,2660.0,650.0
4700004,3190.0,7390.0,18520.0,5950.0,1080.0,410.0,6360.0,6350.0,310.0,10860.0,720.0,14400.0,1670.0,3670.0,4760.0,180.0,5800.0,1340.0,18160.0,3280.0,16680.0,2100.0
13900,2530.0,3740.0,2180.0,4370.0,1860.0,830.0,3020.0,5340.0,110.0,5660.0,1620.0,7730.0,1470.0,1540.0,3310.0,510.0,2550.0,1070.0,10610.0,4170.0,6260.0,3820.0
4700003,3110.0,7500.0,16450.0,4740.0,1270.0,400.0,5290.0,7650.0,410.0,8070.0,790.0,9970.0,1850.0,1650.0,3590.0,260.0,2810.0,700.0,15010.0,3570.0,9510.0,1960.0
4700001,3910.0,9410.0,19600.0,5620.0,1590.0,400.0,7020.0,7710.0,610.0,11150.0,590.0,12280.0,1780.0,3450.0,2740.0,220.0,3330.0,630.0,18180.0,4160.0,11690.0,2250.0
23580,2660.0,5000.0,12500.0,3220.0,660.0,270.0,3370.0,6250.0,340.0,8830.0,710.0,7080.0,710.0,1670.0,1210.0,300.0,2030.0,620.0,12430.0,2850.0,6200.0,2620.0
13820,13450.0,24060.0,33870.0,21770.0,4250.0,2030.0,23960.0,42710.0,440.0,38590.0,12050.0,61580.0,7330.0,13250.0,11880.0,4070.0,14100.0,5960.0,83610.0,19970.0,41600.0,24060.0
21500,4480.0,8470.0,14920.0,4060.0,2810.0,420.0,4350.0,8590.0,60.0,6690.0,1490.0,12630.0,1650.0,2690.0,6740.0,380.0,4010.0,1210.0,19250.0,3630.0,13230.0,4210.0
3900004,7680.0,13750.0,13870.0,6230.0,2990.0,1000.0,7030.0,12090.0,310.0,12640.0,1360.0,14840.0,2180.0,3520.0,3040.0,400.0,5290.0,1010.0,20720.0,5510.0,16790.0,3950.0
19124,59520.0,128950.0,125610.0,106100.0,18370.0,10130.0,97130.0,124310.0,2240.0,179010.0,117520.0,267950.0,49710.0,53070.0,59900.0,18990.0,66330.0,31450.0,454190.0,92700.0,219030.0,147800.0
5000002,1430.0,7190.0,4150.0,2740.0,2650.0,700.0,2680.0,3920.0,260.0,4000.0,1300.0,6680.0,980.0,1330.0,1670.0,460.0,2860.0,990.0,9920.0,3940.0,6580.0,3440.0
35004,44020.0,104480.0,52230.0,58110.0,16530.0,8890.0,45610.0,84670.0,460.0,72610.0,23850.0,142760.0,14200.0,33000.0,56030.0,13250.0,47580.0,14400.0,237970.0,59710.0,101940.0,53980.0
38220,1170.0,2030.0,3570.0,1280.0,510.0,470.0,1540.0,2050.0,430.0,2350.0,250.0,2610.0,290.0,2010.0,930.0,120.0,690.0,130.0,4060.0,960.0,2200.0,1070.0
